Lcom/inmobi/a/m$1;,onConnectionFailed,"('Connection',)"
Lcom/inmobi/a/m$2;,onConnectionSuspended,"('Connection',)"
Lcom/inmobi/a/m;,onLocationChanged,"('Location',)"
Lcom/inmobi/a/m;,onProviderDisabled,"('id',)"
Lcom/inmobi/a/m;,onProviderEnabled,"('id',)"
Lcom/inmobi/ads/AdContainer;,getVideoContainerView,"('id',)"
Lcom/inmobi/ads/GifView;,getHeight,"('Height',)"
Lcom/inmobi/ads/GifView;,getSuggestedMinimumHeight,"('Height',)"
Lcom/inmobi/ads/GifView;,getSuggestedMinimumWidth,"('id',)"
Lcom/inmobi/ads/GifView;,getWidth,"('id',)"
Lcom/inmobi/ads/GifView;,invalidate,"('id',)"
Lcom/inmobi/ads/GifView;,postInvalidateOnAnimation,"('id',)"
Lcom/inmobi/ads/InMobiBanner;,getHeight,"('Height',)"
Lcom/inmobi/ads/InMobiBanner;,getMeasuredHeight,"('Height',)"
Lcom/inmobi/ads/InMobiBanner;,getMeasuredWidth,"('id',)"
Lcom/inmobi/ads/InMobiBanner;,getWidth,"('id',)"
Lcom/inmobi/ads/InMobiNative$NativeAdListener;,onAdClicked,"('Click',)"
Lcom/inmobi/ads/InMobiNative;,getPrimaryViewOfWidth,"('id',)"
Lcom/inmobi/ads/InMobiNative;,getPrimaryViewOfWidth,"('id',)"
Lcom/inmobi/ads/InMobiNative;,reportAdClickAndOpenLandingPage,"('Click',)"
Lcom/inmobi/ads/InMobiNative;,setVideoEventListener,"('id',)"
Lcom/inmobi/ads/NativeContainerLayout;,getSuggestedMinimumHeight,"('Height',)"
Lcom/inmobi/ads/NativeContainerLayout;,getSuggestedMinimumWidth,"('id',)"
Lcom/inmobi/ads/NativeTimerView;,getHeight,"('Height',)"
Lcom/inmobi/ads/NativeTimerView;,getWidth,"('id',)"
Lcom/inmobi/ads/NativeTimerView;,invalidate,"('id',)"
Lcom/inmobi/ads/NativeVideoController$1;,onClick,"('Click',)"
Lcom/inmobi/ads/NativeVideoController;,setVideoAd,"('id',)"
Lcom/inmobi/ads/NativeVideoView$1;,onVideoSizeChanged,"('id',)"
Lcom/inmobi/ads/NativeVideoView;,getVideoVolume,"('id',)"
Lcom/inmobi/ads/NativeVideoView;,invalidate,"('id',)"
Lcom/inmobi/ads/NativeVideoView;,setClickable,"('Click',)"
Lcom/inmobi/ads/NativeVideoView;,setVideoPath,"('id',)"
Lcom/inmobi/ads/NativeVideoView;,setVideoURI,"('id',)"
Lcom/inmobi/ads/NativeVideoView;,setVideoURI,"('id',)"
Lcom/inmobi/ads/NativeVideoWrapper;,getVideoController,"('id',)"
Lcom/inmobi/ads/NativeVideoWrapper;,getVideoView,"('id',)"
Lcom/inmobi/ads/NativeVideoWrapper;,setVideoEventListener,"('id',)"
Lcom/inmobi/ads/NativeViewFactory$b;,getLineHeight,"('Height',)"
Lcom/inmobi/ads/ah;,getVideoContainerView,"('id',)"
Lcom/inmobi/ads/au$6;,onClick,"('Click',)"
Lcom/inmobi/ads/av;,setOnVideoSizeChangedListener,"('id',)"
Lcom/inmobi/ads/bd;,getVideoContainerView,"('id',)"
Lcom/inmobi/ads/bp;,getWidth,"('id',)"
Lcom/inmobi/ads/bp;,invalidate,"('id',)"
Lcom/inmobi/ads/listeners/BannerAdEventListener;,onAdClicked,"('Click',)"
Lcom/inmobi/ads/listeners/InterstitialAdEventListener;,onAdClicked,"('Click',)"
Lcom/inmobi/ads/listeners/NativeAdEventListener;,onAdClicked,"('Click',)"
Lcom/inmobi/ads/listeners/VideoEventListener;,onVideoCompleted,"('id',)"
Lcom/inmobi/ads/listeners/VideoEventListener;,onVideoSkipped,"('id',)"
Lcom/inmobi/rendering/CustomView;,getHeight,"('Height',)"
Lcom/inmobi/rendering/CustomView;,getWidth,"('id',)"
Lcom/inmobi/rendering/CustomView;,setOnClickListener,"('Click',)"
Lcom/inmobi/rendering/InMobiAdActivity$6;,onClick,"('Click',)"
Lcom/inmobi/rendering/InMobiAdActivity$7;,onClick,"('Click',)"
Lcom/inmobi/rendering/RenderView$4;,shouldOverrideUrlLoading,"('ad', 'id')"
Lcom/inmobi/rendering/RenderView$4;,shouldOverrideUrlLoading,"('ad', 'id')"
Lcom/inmobi/rendering/RenderView$5$1;,onClick,"('Click',)"
Lcom/inmobi/rendering/RenderView$5$2;,onClick,"('Click',)"
Lcom/inmobi/rendering/RenderView$5$3;,onClick,"('Click',)"
Lcom/inmobi/rendering/RenderView$5$6;,onClick,"('Click',)"
Lcom/inmobi/rendering/RenderView$5$7;,onClick,"('Click',)"
Lcom/inmobi/rendering/RenderView$5;,onHideCustomView,"('id',)"
Lcom/inmobi/rendering/RenderView;,getHeight,"('Height',)"
Lcom/inmobi/rendering/RenderView;,getLocationOnScreen,"('Location',)"
Lcom/inmobi/rendering/RenderView;,getMraidConfig,"('id',)"
Lcom/inmobi/rendering/RenderView;,getMraidJsString,"('id',)"
Lcom/inmobi/rendering/RenderView;,getVideoContainerView,"('id',)"
Lcom/inmobi/rendering/RenderView;,getWidth,"('id',)"
Lcom/inmobi/rendering/RenderView;,invalidate,"('id',)"
Lcom/inmobi/rendering/RenderView;,setBlobProvider,"('id',)"
Lcom/inmobi/rendering/a/c$b$1$1;,shouldOverrideUrlLoading,"('ad', 'id')"
Lcom/inmobi/rendering/a/c$b$1$1;,shouldOverrideUrlLoading,"('ad', 'id')"
Lcom/inmobi/rendering/c;,playVideo,"('id',)"
Lcom/inmobi/rendering/mraid/MediaRenderView$1;,onVideoSizeChanged,"('id',)"
Lcom/inmobi/rendering/mraid/MediaRenderView;,setVideoPath,"('id',)"
Lcom/inmobi/rendering/mraid/f$1;,onClick,"('Click',)"
Lcom/inmobi/sdk/InMobiSdk;,setEducation,"('Education',)"
Lcom/inmobi/sdk/InMobiSdk;,setGender,"('Gender',)"
Lcom/inmobi/sdk/InMobiSdk;,setLocation,"('Location',)"
Lcom/inmobi/sdk/InMobiSdk;,setLocationWithCityStateCountry,"('Location',)"
Lcom/integralads/avid/library/inmobi/AvidBridge;,cleanUpAvidJS,"('id',)"
Lcom/integralads/avid/library/inmobi/AvidBridge;,getAvidJs,"('id',)"
Lcom/integralads/avid/library/inmobi/AvidBridge;,isAvidJsReady,"('ad', 'id')"
Lcom/integralads/avid/library/inmobi/AvidBridge;,setAvidJs,"('id',)"
Lcom/integralads/avid/library/inmobi/AvidContext;,getAvidReleaseDate,"('id',)"
Lcom/integralads/avid/library/inmobi/AvidContext;,getAvidVersion,"('id',)"
Lcom/integralads/avid/library/inmobi/AvidLoader$AvidLoaderListener;,onAvidLoaded,"('ad', 'id')"
Lcom/integralads/avid/library/inmobi/AvidLoader;,failedToLoadAvid,"('ad', 'id')"
Lcom/integralads/avid/library/inmobi/AvidLoader;,loadAvidJSFromUrl,"('ad', 'id')"
Lcom/integralads/avid/library/inmobi/AvidLoader;,onLoadAvid,"('ad', 'id')"
Lcom/integralads/avid/library/inmobi/AvidLoader;,registerAvidLoader,"('ad', 'id')"
Lcom/integralads/avid/library/inmobi/AvidLoader;,setAvidLoaderInstance,"('ad', 'id')"
Lcom/integralads/avid/library/inmobi/AvidLoader;,unregisterAvidLoader,"('ad', 'id')"
Lcom/integralads/avid/library/inmobi/AvidManager;,findAvidAdSessionById,"('id',)"
Lcom/integralads/avid/library/inmobi/AvidManager;,findInternalAvidAdSessionById,"('id',)"
Lcom/integralads/avid/library/inmobi/AvidManager;,notifyAvidReady,"('ad', 'id')"
Lcom/integralads/avid/library/inmobi/AvidManager;,onAvidLoaded,"('ad', 'id')"
Lcom/integralads/avid/library/inmobi/AvidManager;,registerAvidAdSession,"('id',)"
Lcom/integralads/avid/library/inmobi/AvidManager;,setAvidManagerInstance,"('id',)"
Lcom/integralads/avid/library/inmobi/DownloadAvidTask$DownloadAvidTaskListener;,failedToLoadAvid,"('ad', 'id')"
Lcom/integralads/avid/library/inmobi/DownloadAvidTask$DownloadAvidTaskListener;,onLoadAvid,"('ad', 'id')"
Lcom/integralads/avid/library/inmobi/activity/AvidActivityStack;,setAvidActivityStackInstance,"('id',)"
Lcom/integralads/avid/library/inmobi/base/AvidBaseListenerImpl;,getAvidAdSession,"('id',)"
Lcom/integralads/avid/library/inmobi/base/AvidBaseListenerImpl;,getAvidBridgeManager,"('id',)"
Lcom/integralads/avid/library/inmobi/deferred/AvidDeferredAdSessionListenerImpl;,getAvidAdSession,"('id',)"
Lcom/integralads/avid/library/inmobi/deferred/AvidDeferredAdSessionListenerImpl;,getAvidBridgeManager,"('id',)"
Lcom/integralads/avid/library/inmobi/registration/AvidAdSessionRegistry;,findAvidAdSessionById,"('id',)"
Lcom/integralads/avid/library/inmobi/registration/AvidAdSessionRegistry;,findInternalAvidAdSessionById,"('id',)"
Lcom/integralads/avid/library/inmobi/registration/AvidAdSessionRegistry;,findInternalAvidAdSessionByView,"('id',)"
Lcom/integralads/avid/library/inmobi/registration/AvidAdSessionRegistry;,getAvidAdSessions,"('id',)"
Lcom/integralads/avid/library/inmobi/registration/AvidAdSessionRegistry;,getInternalAvidAdSessions,"('id',)"
Lcom/integralads/avid/library/inmobi/registration/AvidAdSessionRegistry;,registerAvidAdSession,"('id',)"
Lcom/integralads/avid/library/inmobi/registration/AvidAdSessionRegistry;,sessionDidEnd,"('id',)"
Lcom/integralads/avid/library/inmobi/session/AbstractAvidAdSession;,getAvidAdSessionId,"('id',)"
Lcom/integralads/avid/library/inmobi/session/AbstractAvidAdSession;,getAvidDeferredAdSessionListener,"('id',)"
Lcom/integralads/avid/library/inmobi/session/AbstractAvidManagedAdSession;,getAvidAdSessionId,"('id',)"
Lcom/integralads/avid/library/inmobi/session/AvidAdSessionManager;,findAvidAdSessionById,"('id',)"
Lcom/integralads/avid/library/inmobi/session/AvidAdSessionManager;,startAvidDisplayAdSession,"('id',)"
Lcom/integralads/avid/library/inmobi/session/AvidAdSessionManager;,startAvidManagedDisplayAdSession,"('id',)"
Lcom/integralads/avid/library/inmobi/session/AvidAdSessionManager;,startAvidManagedVideoAdSession,"('id',)"
Lcom/integralads/avid/library/inmobi/session/AvidAdSessionManager;,startAvidVideoAdSession,"('id',)"
Lcom/integralads/avid/library/inmobi/session/AvidDisplayAdSession;,getAvidAdSessionId,"('id',)"
Lcom/integralads/avid/library/inmobi/session/AvidManagedDisplayAdSession;,getAvidAdSessionId,"('id',)"
Lcom/integralads/avid/library/inmobi/session/AvidManagedVideoAdSession;,getAvidAdSessionId,"('id',)"
Lcom/integralads/avid/library/inmobi/session/AvidManagedVideoAdSession;,getAvidDeferredAdSessionListener,"('id',)"
Lcom/integralads/avid/library/inmobi/session/AvidManagedVideoAdSession;,getAvidVideoPlaybackListener,"('id',)"
Lcom/integralads/avid/library/inmobi/session/AvidVideoAdSession;,getAvidAdSessionId,"('id',)"
Lcom/integralads/avid/library/inmobi/session/internal/InternalAvidAdSession;,avidBridgeManagerDidInjectAvidJs,"('id',)"
Lcom/integralads/avid/library/inmobi/session/internal/InternalAvidAdSession;,getAvidAdSessionContext,"('id',)"
Lcom/integralads/avid/library/inmobi/session/internal/InternalAvidAdSession;,getAvidAdSessionId,"('id',)"
Lcom/integralads/avid/library/inmobi/session/internal/InternalAvidAdSession;,getAvidBridgeManager,"('id',)"
Lcom/integralads/avid/library/inmobi/session/internal/InternalAvidAdSession;,getAvidDeferredAdSessionListener,"('id',)"
Lcom/integralads/avid/library/inmobi/session/internal/InternalAvidAdSession;,setAvidBridgeManager,"('id',)"
Lcom/integralads/avid/library/inmobi/session/internal/InternalAvidAdSession;,setAvidWebViewManager,"('id',)"
Lcom/integralads/avid/library/inmobi/session/internal/InternalAvidAdSessionContext;,getAvidAdSessionContext,"('id',)"
Lcom/integralads/avid/library/inmobi/session/internal/InternalAvidAdSessionContext;,getAvidAdSessionId,"('id',)"
Lcom/integralads/avid/library/inmobi/session/internal/InternalAvidAdSessionContext;,setAvidAdSessionContext,"('id',)"
Lcom/integralads/avid/library/inmobi/session/internal/InternalAvidAdSessionListener;,sessionDidEnd,"('id',)"
Lcom/integralads/avid/library/inmobi/session/internal/InternalAvidManagedVideoAdSession;,getAvidBridgeManager,"('id',)"
Lcom/integralads/avid/library/inmobi/session/internal/InternalAvidManagedVideoAdSession;,getAvidVideoPlaybackListener,"('id',)"
Lcom/integralads/avid/library/inmobi/session/internal/jsbridge/AvidBridgeManager$AvidBridgeManagerListener;,avidBridgeManagerDidInjectAvidJs,"('id',)"
Lcom/integralads/avid/library/inmobi/session/internal/jsbridge/AvidBridgeManager;,callAvidbridge,"('id',)"
Lcom/integralads/avid/library/inmobi/session/internal/jsbridge/AvidBridgeManager;,injectAvid,"('id',)"
Lcom/integralads/avid/library/inmobi/session/internal/jsbridge/AvidBridgeManager;,invokePublishVideoEvent,"('id',)"
Lcom/integralads/avid/library/inmobi/session/internal/jsbridge/AvidBridgeManager;,onAvidJsReady,"('ad', 'id')"
Lcom/integralads/avid/library/inmobi/session/internal/jsbridge/AvidBridgeManager;,publishVideoEvent,"('id',)"
Lcom/integralads/avid/library/inmobi/session/internal/jsbridge/AvidBridgeManager;,setAvidAdSessionContext,"('id',)"
Lcom/integralads/avid/library/inmobi/session/internal/jsbridge/AvidJavascriptInterface$AvidJavascriptInterfaceCallback;,onAvidAdSessionContextInvoked,"('id',)"
Lcom/integralads/avid/library/inmobi/session/internal/jsbridge/AvidJavascriptInterface;,getAvidAdSessionContext,"('id',)"
Lcom/integralads/avid/library/inmobi/session/internal/jsbridge/AvidWebViewManager;,onAvidAdSessionContextInvoked,"('id',)"
Lcom/integralads/avid/library/inmobi/session/internal/trackingwebview/AvidTrackingWebViewManager;,webViewDidLoadData,"('ad', 'id')"
Lcom/integralads/avid/library/inmobi/session/internal/trackingwebview/AvidWebViewClient$AvidWebViewClientListener;,webViewDidLoadData,"('ad', 'id')"
Lcom/integralads/avid/library/inmobi/utils/AvidCommand;,callAvidbridge,"('id',)"
Lcom/integralads/avid/library/inmobi/utils/AvidCommand;,publishVideoEvent,"('id',)"
Lcom/integralads/avid/library/inmobi/utils/AvidCommand;,publishVideoEvent,"('id',)"
Lcom/integralads/avid/library/inmobi/utils/AvidCommand;,setAvidAdSessionContext,"('id',)"
Lcom/integralads/avid/library/inmobi/utils/AvidJSONUtil;,addAvidId,"('ad', 'id')"
Lcom/integralads/avid/library/inmobi/video/AvidVideoPlaybackListener;,recordAdClickThruEvent,"('Click',)"
Lcom/integralads/avid/library/inmobi/video/AvidVideoPlaybackListener;,recordAdVideoFirstQuartileEvent,"('id',)"
Lcom/integralads/avid/library/inmobi/video/AvidVideoPlaybackListener;,recordAdVideoMidpointEvent,"('id',)"
Lcom/integralads/avid/library/inmobi/video/AvidVideoPlaybackListener;,recordAdVideoStartEvent,"('id',)"
Lcom/integralads/avid/library/inmobi/video/AvidVideoPlaybackListener;,recordAdVideoThirdQuartileEvent,"('id',)"
Lcom/integralads/avid/library/inmobi/video/AvidVideoPlaybackListenerImpl;,getAvidAdSession,"('id',)"
Lcom/integralads/avid/library/inmobi/video/AvidVideoPlaybackListenerImpl;,getAvidBridgeManager,"('id',)"
Lcom/integralads/avid/library/inmobi/video/AvidVideoPlaybackListenerImpl;,publishVideoEvent,"('id',)"
Lcom/integralads/avid/library/inmobi/video/AvidVideoPlaybackListenerImpl;,recordAdClickThruEvent,"('Click',)"
Lcom/integralads/avid/library/inmobi/video/AvidVideoPlaybackListenerImpl;,recordAdVideoFirstQuartileEvent,"('id',)"
Lcom/integralads/avid/library/inmobi/video/AvidVideoPlaybackListenerImpl;,recordAdVideoMidpointEvent,"('id',)"
Lcom/integralads/avid/library/inmobi/video/AvidVideoPlaybackListenerImpl;,recordAdVideoStartEvent,"('id',)"
Lcom/integralads/avid/library/inmobi/video/AvidVideoPlaybackListenerImpl;,recordAdVideoThirdQuartileEvent,"('id',)"
Lcom/integralads/avid/library/inmobi/walking/AvidAdViewCache;,getHiddenSessionIds,"('id',)"
Lcom/integralads/avid/library/inmobi/walking/async/AvidAsyncTask;,getStateProvider,"('id',)"
Lcom/moat/analytics/mobile/inm/MoatFactory;,createNativeVideoTracker,"('id',)"
Lcom/moat/analytics/mobile/inm/NativeDisplayTracker$MoatUserInteractionType;,name,"('name',)"
Lcom/moat/analytics/mobile/inm/NativeVideoTracker;,removeVideoListener,"('id',)"
Lcom/moat/analytics/mobile/inm/NativeVideoTracker;,setVideoListener,"('id',)"
Lcom/moat/analytics/mobile/inm/NativeVideoTracker;,trackVideoAd,"('id',)"
Lcom/moat/analytics/mobile/inm/ReactiveVideoTracker;,removeVideoListener,"('id',)"
Lcom/moat/analytics/mobile/inm/ReactiveVideoTracker;,setVideoListener,"('id',)"
Lcom/moat/analytics/mobile/inm/ReactiveVideoTracker;,trackVideoAd,"('id',)"
Lcom/moat/analytics/mobile/inm/ReactiveVideoTrackerPlugin$a;,removeVideoListener,"('id',)"
Lcom/moat/analytics/mobile/inm/ReactiveVideoTrackerPlugin$a;,setVideoListener,"('id',)"
Lcom/moat/analytics/mobile/inm/ReactiveVideoTrackerPlugin$a;,trackVideoAd,"('id',)"
Lcom/moat/analytics/mobile/inm/VideoTrackerListener;,onVideoEventReported,"('id',)"
Lcom/moat/analytics/mobile/inm/c;,removeVideoListener,"('id',)"
Lcom/moat/analytics/mobile/inm/c;,setVideoListener,"('id',)"
Lcom/moat/analytics/mobile/inm/n;,createNativeVideoTracker,"('id',)"
Lcom/moat/analytics/mobile/inm/o;,onLocationChanged,"('Location',)"
Lcom/moat/analytics/mobile/inm/o;,onProviderDisabled,"('id',)"
Lcom/moat/analytics/mobile/inm/o;,onProviderEnabled,"('id',)"
Lcom/moat/analytics/mobile/inm/u;,trackVideoAd,"('id',)"
Lcom/moat/analytics/mobile/inm/v$b;,createNativeVideoTracker,"('id',)"
Lcom/moat/analytics/mobile/inm/v$d;,removeVideoListener,"('id',)"
Lcom/moat/analytics/mobile/inm/v$d;,setVideoListener,"('id',)"
Lcom/moat/analytics/mobile/inm/v$d;,trackVideoAd,"('id',)"
Lcom/moat/analytics/mobile/inm/y;,trackVideoAd,"('id',)"
