Lcom/umeng/analytics/AnalyticsConfig;,getLocation,['Location']
Lcom/umeng/analytics/Gender;,getGender,['Gender']
Lcom/umeng/analytics/Gender;,transGender,['Gender']
Lcom/umeng/analytics/MobclickAgent;,onEvent,['GeneralLogEvent']
Lcom/umeng/analytics/MobclickAgent;,onEvent,['GeneralLogEvent']
Lcom/umeng/analytics/MobclickAgent;,onEvent,['GeneralLogEvent']
Lcom/umeng/analytics/MobclickAgent;,onEvent,['GeneralLogEvent']
Lcom/umeng/analytics/MobclickAgent;,setLocation,['Location']
Lcom/umeng/analytics/game/UMGameAgent;,onEvent,['GeneralLogEvent']
Lcom/umeng/analytics/game/UMGameAgent;,onEvent,['GeneralLogEvent']
Lcom/umeng/analytics/social/UMPlatformData;,getGender,['Gender']
Lcom/umeng/analytics/social/UMPlatformData;,setGender,['Gender']
