Lcom/tapjoy/TJAdUnitActivity$2;,onClick,['Click']
Lcom/tapjoy/TJAdUnitActivity;,onClick,['Click']
Lcom/tapjoy/TJAdUnitJSBridge$1;,onClick,['Click']
Lcom/tapjoy/TJAdUnitJSBridge;,getLocation,['Location']
Lcom/tapjoy/TJAwardCurrencyListener;,onAwardCurrencyResponse,['Currency']
Lcom/tapjoy/TJAwardCurrencyListener;,onAwardCurrencyResponseFailure,['Currency']
Lcom/tapjoy/TJCurrency;,awardCurrency,['Currency']
Lcom/tapjoy/TJCurrency;,getCurrencyBalance,['Currency']
Lcom/tapjoy/TJCurrency;,getLocalCurrencyBalance,['Currency']
Lcom/tapjoy/TJCurrency;,saveCurrencyBalance,['Currency']
Lcom/tapjoy/TJCurrency;,spendCurrency,['Currency']
Lcom/tapjoy/TJEarnedCurrencyListener;,onEarnedCurrency,['Currency']
Lcom/tapjoy/TJGetCurrencyBalanceListener;,onGetCurrencyBalanceResponse,['Currency']
Lcom/tapjoy/TJGetCurrencyBalanceListener;,onGetCurrencyBalanceResponseFailure,['Currency']
Lcom/tapjoy/TJSetUserIDListener;,onSetUserIDFailure,['UserID']
Lcom/tapjoy/TJSetUserIDListener;,onSetUserIDSuccess,['UserID']
Lcom/tapjoy/TJSpendCurrencyListener;,onSpendCurrencyResponse,['Currency']
Lcom/tapjoy/TJSpendCurrencyListener;,onSpendCurrencyResponseFailure,['Currency']
Lcom/tapjoy/Tapjoy;,awardCurrency,['Currency']
Lcom/tapjoy/Tapjoy;,getCurrencyBalance,['Currency']
Lcom/tapjoy/Tapjoy;,getCurrencyMultiplier,['Currency']
Lcom/tapjoy/Tapjoy;,setCurrencyMultiplier,['Currency']
Lcom/tapjoy/Tapjoy;,setUserID,['UserID']
Lcom/tapjoy/Tapjoy;,setUserID,['UserID']
Lcom/tapjoy/Tapjoy;,spendCurrency,['Currency']
Lcom/tapjoy/Tapjoy;,trackEvent,['GeneralLogEvent']
Lcom/tapjoy/Tapjoy;,trackEvent,['GeneralLogEvent']
Lcom/tapjoy/Tapjoy;,trackEvent,['GeneralLogEvent']
Lcom/tapjoy/Tapjoy;,trackEvent,['GeneralLogEvent']
Lcom/tapjoy/Tapjoy;,trackEvent,['GeneralLogEvent']
Lcom/tapjoy/Tapjoy;,trackEvent,['GeneralLogEvent']
Lcom/tapjoy/Tapjoy;,trackEvent,['GeneralLogEvent']
Lcom/tapjoy/Tapjoy;,trackEvent,['GeneralLogEvent']
Lcom/tapjoy/Tapjoy;,trackEvent,['GeneralLogEvent']
Lcom/tapjoy/TapjoyAdIdClient;,getAdvertisingId,"['Advertising', 'ID']"
Lcom/tapjoy/TapjoyAdIdClient;,setupAdIdInfo,['adid']
Lcom/tapjoy/TapjoyAdIdClient;,setupAdIdInfoReflection,['adid']
Lcom/tapjoy/TapjoyConnectCore;,fetchAdvertisingID,"['Advertising', 'ID']"
Lcom/tapjoy/TapjoyConnectCore;,getAndroidID,['AndroidID']
Lcom/tapjoy/TapjoyConnectCore;,getAwardCurrencyVerifier,['Currency']
Lcom/tapjoy/TapjoyConnectCore;,getCurrencyMultiplier,['Currency']
Lcom/tapjoy/TapjoyConnectCore;,getDeviceID,"['Device', 'ID']"
Lcom/tapjoy/TapjoyConnectCore;,getMacAddress,"['MAC', 'Address']"
Lcom/tapjoy/TapjoyConnectCore;,getSha1MacAddress,"['MAC', 'Address']"
Lcom/tapjoy/TapjoyConnectCore;,getUserID,['UserID']
Lcom/tapjoy/TapjoyConnectCore;,setCurrencyMultiplier,['Currency']
Lcom/tapjoy/TapjoyConnectCore;,setUserID,['UserID']
Lcom/tapjoy/TapjoyGpsHelper;,getAdvertisingId,"['Advertising', 'ID']"
Lcom/tapjoy/TapjoyGpsHelper;,loadAdvertisingId,"['Advertising', 'ID']"
Lcom/tapjoy/internal/TJAwardCurrencyListenerNative;,onAwardCurrencyResponse,['Currency']
Lcom/tapjoy/internal/TJAwardCurrencyListenerNative;,onAwardCurrencyResponseFailure,['Currency']
Lcom/tapjoy/internal/TJAwardCurrencyListenerNative;,onAwardCurrencyResponseFailureNative,['Currency']
Lcom/tapjoy/internal/TJAwardCurrencyListenerNative;,onAwardCurrencyResponseNative,['Currency']
Lcom/tapjoy/internal/TJEarnedCurrencyListenerNative;,onEarnedCurrency,['Currency']
Lcom/tapjoy/internal/TJEarnedCurrencyListenerNative;,onEarnedCurrencyNative,['Currency']
Lcom/tapjoy/internal/TJGetCurrencyBalanceListenerNative;,onGetCurrencyBalanceResponse,['Currency']
Lcom/tapjoy/internal/TJGetCurrencyBalanceListenerNative;,onGetCurrencyBalanceResponseFailure,['Currency']
Lcom/tapjoy/internal/TJGetCurrencyBalanceListenerNative;,onGetCurrencyBalanceResponseFailureNative,['Currency']
Lcom/tapjoy/internal/TJGetCurrencyBalanceListenerNative;,onGetCurrencyBalanceResponseNative,['Currency']
Lcom/tapjoy/internal/TJSpendCurrencyListenerNative;,onSpendCurrencyResponse,['Currency']
Lcom/tapjoy/internal/TJSpendCurrencyListenerNative;,onSpendCurrencyResponseFailure,['Currency']
Lcom/tapjoy/internal/TJSpendCurrencyListenerNative;,onSpendCurrencyResponseFailureNative,['Currency']
Lcom/tapjoy/internal/TJSpendCurrencyListenerNative;,onSpendCurrencyResponseNative,['Currency']
Lcom/tapjoy/internal/hs$2;,onClick,['Click']
Lcom/tapjoy/internal/hu;,onClick,['Click']
Lcom/tapjoy/mraid/controller/Assets$1;,onClick,['Click']
Lcom/tapjoy/mraid/controller/MraidLocation;,getLocation,['Location']
Lcom/tapjoy/mraid/view/Browser$1;,onClick,['Click']
Lcom/tapjoy/mraid/view/Browser$2;,onClick,['Click']
Lcom/tapjoy/mraid/view/Browser$3;,onClick,['Click']
Lcom/tapjoy/mraid/view/Browser$4;,onClick,['Click']
Lcom/tapjoy/mraid/view/MraidView;,getLocationInWindow,['Location']
