Lcom/amap/api/location/AMapLocation;,getAddress,"('Address',)"
Lcom/amap/api/location/AMapLocation;,getLocationDetail,"('Location',)"
Lcom/amap/api/location/AMapLocation;,getLocationType,"('Location',)"
Lcom/amap/api/location/AMapLocation;,getProvider,"('id',)"
Lcom/amap/api/location/AMapLocationClient;,setLocationListener,"('Location',)"
Lcom/amap/api/location/AMapLocationClient;,setLocationOption,"('Location',)"
Lcom/amap/api/location/AMapLocationClient;,startLocation,"('Location',)"
Lcom/amap/api/location/AMapLocationClient;,stopLocation,"('Location',)"
Lcom/amap/api/location/AMapLocationClientOption;,setLocationCacheEnable,"('Location',)"
Lcom/amap/api/location/AMapLocationClientOption;,setLocationMode,"('Location',)"
Lcom/amap/api/location/AMapLocationClientOption;,setNeedAddress,"('Address',)"
Lcom/amap/api/location/AMapLocationClientOption;,setOnceLocation,"('Location',)"
Lcom/amap/api/mapcore/util/ac;,isMyLocationButtonEnabled,"('Location',)"
Lcom/amap/api/mapcore/util/ac;,setMyLocationButtonEnabled,"('Location',)"
Lcom/amap/api/mapcore/util/as;,onLocationChanged,"('Location',)"
Lcom/amap/api/mapcore/util/aw;,onClick,"('Click',)"
Lcom/amap/api/mapcore/util/bu$b;,getIPV6URL,"('IP',)"
Lcom/amap/api/mapcore/util/bu$b;,isSupportIPV6,"('IP',)"
Lcom/amap/api/mapcore/util/c;,addOnInfoWindowClickListener,"('Click',)"
Lcom/amap/api/mapcore/util/c;,addOnMapClickListener,"('Click',)"
Lcom/amap/api/mapcore/util/c;,addOnMapLongClickListener,"('Click',)"
Lcom/amap/api/mapcore/util/c;,addOnMarkerClickListener,"('Click',)"
Lcom/amap/api/mapcore/util/c;,addOnMyLocationChangeListener,"('Location',)"
Lcom/amap/api/mapcore/util/c;,addOnPOIClickListener,"('Click',)"
Lcom/amap/api/mapcore/util/c;,addOnPolylineClickListener,"('Click',)"
Lcom/amap/api/mapcore/util/c;,getMapHeight,"('Height',)"
Lcom/amap/api/mapcore/util/c;,getMapWidth,"('id',)"
Lcom/amap/api/mapcore/util/c;,getMyLocation,"('Location',)"
Lcom/amap/api/mapcore/util/c;,getMyLocationStyle,"('Location',)"
Lcom/amap/api/mapcore/util/c;,getSkyHeight,"('Height',)"
Lcom/amap/api/mapcore/util/c;,hideInfoWindow,"('id',)"
Lcom/amap/api/mapcore/util/c;,isMyLocationEnabled,"('Location',)"
Lcom/amap/api/mapcore/util/c;,removeOnInfoWindowClickListener,"('Click',)"
Lcom/amap/api/mapcore/util/c;,removeOnMapClickListener,"('Click',)"
Lcom/amap/api/mapcore/util/c;,removeOnMapLongClickListener,"('Click',)"
Lcom/amap/api/mapcore/util/c;,removeOnMarkerClickListener,"('Click',)"
Lcom/amap/api/mapcore/util/c;,removeOnMyLocationChangeListener,"('Location',)"
Lcom/amap/api/mapcore/util/c;,removeOnPOIClickListener,"('Click',)"
Lcom/amap/api/mapcore/util/c;,removeOnPolylineClickListener,"('Click',)"
Lcom/amap/api/mapcore/util/c;,resetMinMaxZoomPreference,"('Preference',)"
Lcom/amap/api/mapcore/util/c;,setHideLogoEnble,"('id',)"
Lcom/amap/api/mapcore/util/c;,setLocationSource,"('Location',)"
Lcom/amap/api/mapcore/util/c;,setMapWidgetListener,"('id',)"
Lcom/amap/api/mapcore/util/c;,setMyLocationEnabled,"('Location',)"
Lcom/amap/api/mapcore/util/c;,setMyLocationRotateAngle,"('Location',)"
Lcom/amap/api/mapcore/util/c;,setMyLocationStyle,"('Location',)"
Lcom/amap/api/mapcore/util/c;,setMyLocationType,"('Location',)"
Lcom/amap/api/mapcore/util/c;,setOnInfoWindowClickListener,"('Click',)"
Lcom/amap/api/mapcore/util/c;,setOnMapClickListener,"('Click',)"
Lcom/amap/api/mapcore/util/c;,setOnMapLongClickListener,"('Click',)"
Lcom/amap/api/mapcore/util/c;,setOnMarkerClickListener,"('Click',)"
Lcom/amap/api/mapcore/util/c;,setOnMultiPointClickListener,"('Click',)"
Lcom/amap/api/mapcore/util/c;,setOnMyLocationChangeListener,"('Location',)"
Lcom/amap/api/mapcore/util/c;,setOnPOIClickListener,"('Click',)"
Lcom/amap/api/mapcore/util/c;,setOnPolylineClickListener,"('Click',)"
Lcom/amap/api/mapcore/util/c;,showMyLocationButtonEnabled,"('Location',)"
Lcom/amap/api/mapcore/util/c;,showMyLocationOverlay,"('Location',)"
Lcom/amap/api/mapcore/util/cb;,getIPV6URL,"('IP',)"
Lcom/amap/api/mapcore/util/cb;,isSupportIPV6,"('IP',)"
Lcom/amap/api/mapcore/util/cb;,setConnectionTimeout,"('Connection',)"
Lcom/amap/api/mapcore/util/co;,getStrokeWidth,"('id',)"
Lcom/amap/api/mapcore/util/co;,setStrokeWidth,"('id',)"
Lcom/amap/api/mapcore/util/cq;,getStrokeWidth,"('id',)"
Lcom/amap/api/mapcore/util/cq;,setStrokeWidth,"('id',)"
Lcom/amap/api/mapcore/util/cr;,getHeight,"('Height',)"
Lcom/amap/api/mapcore/util/cr;,getWidth,"('id',)"
Lcom/amap/api/mapcore/util/cs;,getHeight,"('Height',)"
Lcom/amap/api/mapcore/util/cs;,getWidth,"('id',)"
Lcom/amap/api/mapcore/util/cu;,getHeight,"('Height',)"
Lcom/amap/api/mapcore/util/cu;,getWidth,"('id',)"
Lcom/amap/api/mapcore/util/cu;,hideInfoWindow,"('id',)"
Lcom/amap/api/mapcore/util/cu;,isClickable,"('Click',)"
Lcom/amap/api/mapcore/util/cu;,setClickable,"('Click',)"
Lcom/amap/api/mapcore/util/cw;,getSideColor,"('id',)"
Lcom/amap/api/mapcore/util/cw;,getWidth,"('id',)"
Lcom/amap/api/mapcore/util/cw;,setSideColor,"('id',)"
Lcom/amap/api/mapcore/util/cw;,setWidth,"('id',)"
Lcom/amap/api/mapcore/util/cy;,getStrokeWidth,"('id',)"
Lcom/amap/api/mapcore/util/cy;,setStrokeWidth,"('id',)"
Lcom/amap/api/mapcore/util/cz;,getWidth,"('id',)"
Lcom/amap/api/mapcore/util/cz;,setWidth,"('id',)"
Lcom/amap/api/mapcore/util/d;,getHeight,"('Height',)"
Lcom/amap/api/mapcore/util/d;,getWidth,"('id',)"
Lcom/amap/api/mapcore/util/da;,hideInfoWindow,"('id',)"
Lcom/amap/api/mapcore/util/df;,getIPV6URL,"('IP',)"
Lcom/amap/api/mapcore/util/df;,isSupportIPV6,"('IP',)"
Lcom/amap/api/mapcore/util/dh;,getIPV6URL,"('IP',)"
Lcom/amap/api/mapcore/util/dh;,isSupportIPV6,"('IP',)"
Lcom/amap/api/mapcore/util/dt$a;,getIPV6URL,"('IP',)"
Lcom/amap/api/mapcore/util/dt$a;,isSupportIPV6,"('IP',)"
Lcom/amap/api/mapcore/util/dt$a;,setConnectionTimeout,"('Connection',)"
Lcom/amap/api/mapcore/util/dt;,getTileHeight,"('Height',)"
Lcom/amap/api/mapcore/util/dt;,getTileWidth,"('id',)"
Lcom/amap/api/mapcore/util/dz$a;,name,"('name',)"
Lcom/amap/api/mapcore/util/ff;,getHeight,"('Height',)"
Lcom/amap/api/mapcore/util/ff;,getWidth,"('id',)"
Lcom/amap/api/mapcore/util/ff;,invalidate,"('id',)"
Lcom/amap/api/mapcore/util/fj$1;,invalidateCompassView,"('id',)"
Lcom/amap/api/mapcore/util/fj$1;,invalidateScaleView,"('id',)"
Lcom/amap/api/mapcore/util/fj$1;,invalidateZoomController,"('id',)"
Lcom/amap/api/mapcore/util/fj;,getHeight,"('Height',)"
Lcom/amap/api/mapcore/util/fj;,getMeasuredHeight,"('Height',)"
Lcom/amap/api/mapcore/util/fj;,getMeasuredWidth,"('id',)"
Lcom/amap/api/mapcore/util/fj;,getWidth,"('id',)"
Lcom/amap/api/mapcore/util/fj;,hideInfoWindow,"('id',)"
Lcom/amap/api/mapcore/util/fl;,invalidate,"('id',)"
Lcom/amap/api/mapcore/util/fl;,postInvalidate,"('id',)"
Lcom/amap/api/mapcore/util/fm;,getHeight,"('Height',)"
Lcom/amap/api/mapcore/util/fm;,getWidth,"('id',)"
Lcom/amap/api/mapcore/util/fm;,postInvalidate,"('id',)"
Lcom/amap/api/mapcore/util/fp$1;,onClick,"('Click',)"
Lcom/amap/api/mapcore/util/fr$1;,onClick,"('Click',)"
Lcom/amap/api/mapcore/util/fs$1;,onClick,"('Click',)"
Lcom/amap/api/mapcore/util/fs;,onClick,"('Click',)"
Lcom/amap/api/mapcore/util/fu;,onClick,"('Click',)"
Lcom/amap/api/mapcore/util/fw$1;,onClick,"('Click',)"
Lcom/amap/api/mapcore/util/g;,onLocationChanged,"('Location',)"
Lcom/amap/api/mapcore/util/ga;,setConnectionTimeout,"('Connection',)"
Lcom/amap/api/mapcore/util/gd;,getIPV6URL,"('IP',)"
Lcom/amap/api/mapcore/util/gd;,isSupportIPV6,"('IP',)"
Lcom/amap/api/mapcore/util/ge;,onLocationChanged,"('Location',)"
Lcom/amap/api/mapcore/util/ge;,setLocationInterval,"('Location',)"
Lcom/amap/api/mapcore/util/gj$c;,getIPDNSName,"('IP',)"
Lcom/amap/api/mapcore/util/gj$c;,getIPV6URL,"('IP',)"
Lcom/amap/api/mapcore/util/gp;,getIPV6URL,"('IP',)"
Lcom/amap/api/mapcore/util/gp;,isSupportIPV6,"('IP',)"
Lcom/amap/api/mapcore/util/ik;,getIPDNSName,"('IP',)"
Lcom/amap/api/mapcore/util/iq;,getIPDNSName,"('IP',)"
Lcom/amap/api/mapcore/util/iq;,getIPV6URL,"('IP',)"
Lcom/amap/api/mapcore/util/iq;,isIPRequest,"('IP',)"
Lcom/amap/api/mapcore/util/iq;,isSupportIPV6,"('IP',)"
Lcom/amap/api/mapcore/util/iq;,setConnectionTimeout,"('Connection',)"
Lcom/amap/api/mapcore/util/j;,getIPV6URL,"('IP',)"
Lcom/amap/api/mapcore/util/j;,isSupportIPV6,"('IP',)"
Lcom/amap/api/mapcore/util/jz;,onLocationChanged,"('Location',)"
Lcom/amap/api/mapcore/util/kd;,getIPDNSName,"('IP',)"
Lcom/amap/api/mapcore/util/kd;,getIPV6URL,"('IP',)"
Lcom/amap/api/mapcore/util/kd;,setConnectionTimeout,"('Connection',)"
Lcom/amap/api/mapcore/util/kl$1;,onLocationChanged,"('Location',)"
Lcom/amap/api/mapcore/util/kl$1;,onProviderDisabled,"('id',)"
Lcom/amap/api/mapcore/util/kl$1;,onProviderEnabled,"('id',)"
Lcom/amap/api/mapcore/util/ko;,getLastKnownLocation,"('Location',)"
Lcom/amap/api/mapcore/util/ko;,setLocationListener,"('Location',)"
Lcom/amap/api/mapcore/util/ko;,setLocationOption,"('Location',)"
Lcom/amap/api/mapcore/util/ko;,startLocation,"('Location',)"
Lcom/amap/api/mapcore/util/ko;,stopLocation,"('Location',)"
Lcom/amap/api/mapcore/util/ko;,unRegisterLocationListener,"('Location',)"
Lcom/amap/api/mapcore/util/kr;,getAddress,"('Address',)"
Lcom/amap/api/mapcore/util/kr;,getLocationDetail,"('Location',)"
Lcom/amap/api/mapcore/util/kr;,getLocationType,"('Location',)"
Lcom/amap/api/mapcore/util/kr;,getProvider,"('id',)"
Lcom/amap/api/mapcore/util/kr;,setAddress,"('Address',)"
Lcom/amap/api/mapcore/util/kr;,setLocationDetail,"('Location',)"
Lcom/amap/api/mapcore/util/kr;,setLocationType,"('Location',)"
Lcom/amap/api/mapcore/util/l$b;,getIPV6URL,"('IP',)"
Lcom/amap/api/mapcore/util/l$b;,isSupportIPV6,"('IP',)"
Lcom/amap/api/mapcore/util/lj$b;,onCellLocationChanged,"('Location',)"
Lcom/amap/api/mapcore/util/r;,getHitOverlay,"('Hit',)"
Lcom/amap/api/mapcore/util/s;,getHitOverlay,"('Hit',)"
Lcom/amap/api/mapcore/util/z;,fromScreenLocation,"('Location',)"
Lcom/amap/api/mapcore/util/z;,toMapLocation,"('Location',)"
Lcom/amap/api/mapcore/util/z;,toScreenLocation,"('Location',)"
Lcom/amap/api/maps/AMap$MultiPositionInfoWindowAdapter;,getInfoWindowClick,"('Click',)"
Lcom/amap/api/maps/AMap$MultiPositionInfoWindowAdapter;,getOverturnInfoWindowClick,"('Click',)"
Lcom/amap/api/maps/AMap$OnInfoWindowClickListener;,onInfoWindowClick,"('Click',)"
Lcom/amap/api/maps/AMap$OnMapClickListener;,onMapClick,"('Click',)"
Lcom/amap/api/maps/AMap$OnMapLongClickListener;,onMapLongClick,"('Click',)"
Lcom/amap/api/maps/AMap$OnMarkerClickListener;,onMarkerClick,"('Click',)"
Lcom/amap/api/maps/AMap$OnMultiPointClickListener;,onPointClick,"('Click',)"
Lcom/amap/api/maps/AMap$OnMyLocationChangeListener;,onMyLocationChange,"('Location',)"
Lcom/amap/api/maps/AMap$OnPOIClickListener;,onPOIClick,"('Click',)"
Lcom/amap/api/maps/AMap$OnPolylineClickListener;,onPolylineClick,"('Click',)"
Lcom/amap/api/maps/AMap;,addOnInfoWindowClickListener,"('Click',)"
Lcom/amap/api/maps/AMap;,addOnMapClickListener,"('Click',)"
Lcom/amap/api/maps/AMap;,addOnMapLongClickListener,"('Click',)"
Lcom/amap/api/maps/AMap;,addOnMarkerClickListener,"('Click',)"
Lcom/amap/api/maps/AMap;,addOnMyLocationChangeListener,"('Location',)"
Lcom/amap/api/maps/AMap;,addOnPOIClickListener,"('Click',)"
Lcom/amap/api/maps/AMap;,addOnPolylineClickListener,"('Click',)"
Lcom/amap/api/maps/AMap;,getMyLocation,"('Location',)"
Lcom/amap/api/maps/AMap;,getMyLocationStyle,"('Location',)"
Lcom/amap/api/maps/AMap;,isMyLocationEnabled,"('Location',)"
Lcom/amap/api/maps/AMap;,removeOnInfoWindowClickListener,"('Click',)"
Lcom/amap/api/maps/AMap;,removeOnMapClickListener,"('Click',)"
Lcom/amap/api/maps/AMap;,removeOnMapLongClickListener,"('Click',)"
Lcom/amap/api/maps/AMap;,removeOnMarkerClickListener,"('Click',)"
Lcom/amap/api/maps/AMap;,removeOnMyLocationChangeListener,"('Location',)"
Lcom/amap/api/maps/AMap;,removeOnPOIClickListener,"('Click',)"
Lcom/amap/api/maps/AMap;,removeOnPolylineClickListener,"('Click',)"
Lcom/amap/api/maps/AMap;,resetMinMaxZoomPreference,"('Preference',)"
Lcom/amap/api/maps/AMap;,setLocationSource,"('Location',)"
Lcom/amap/api/maps/AMap;,setMyLocationEnabled,"('Location',)"
Lcom/amap/api/maps/AMap;,setMyLocationRotateAngle,"('Location',)"
Lcom/amap/api/maps/AMap;,setMyLocationStyle,"('Location',)"
Lcom/amap/api/maps/AMap;,setMyLocationType,"('Location',)"
Lcom/amap/api/maps/AMap;,setOnInfoWindowClickListener,"('Click',)"
Lcom/amap/api/maps/AMap;,setOnMapClickListener,"('Click',)"
Lcom/amap/api/maps/AMap;,setOnMapLongClickListener,"('Click',)"
Lcom/amap/api/maps/AMap;,setOnMarkerClickListener,"('Click',)"
Lcom/amap/api/maps/AMap;,setOnMultiPointClickListener,"('Click',)"
Lcom/amap/api/maps/AMap;,setOnMyLocationChangeListener,"('Location',)"
Lcom/amap/api/maps/AMap;,setOnPOIClickListener,"('Click',)"
Lcom/amap/api/maps/AMap;,setOnPolylineClickListener,"('Click',)"
Lcom/amap/api/maps/LocationSource$OnLocationChangedListener;,onLocationChanged,"('Location',)"
Lcom/amap/api/maps/MapsInitializer;,isLoadWorldGridMap,"('ad', 'id')"
Lcom/amap/api/maps/MapsInitializer;,loadWorldGridMap,"('ad', 'id')"
Lcom/amap/api/maps/MapsInitializer;,setBuildingHeight,"('Height',)"
Lcom/amap/api/maps/Projection;,fromScreenLocation,"('Location',)"
Lcom/amap/api/maps/Projection;,toMapLocation,"('Location',)"
Lcom/amap/api/maps/Projection;,toOpenGLLocation,"('Location',)"
Lcom/amap/api/maps/Projection;,toOpenGLWidth,"('id',)"
Lcom/amap/api/maps/Projection;,toScreenLocation,"('Location',)"
Lcom/amap/api/maps/SwipeDismissView;,getMeasuredWidth,"('id',)"
Lcom/amap/api/maps/UiSettings;,isMyLocationButtonEnabled,"('Location',)"
Lcom/amap/api/maps/UiSettings;,setMyLocationButtonEnabled,"('Location',)"
Lcom/amap/api/maps/WearMapView;,getHeight,"('Height',)"
Lcom/amap/api/maps/WearMapView;,getWidth,"('id',)"
Lcom/amap/api/maps/interfaces/IGlOverlayLayer;,getHitOverlay,"('Hit',)"
Lcom/amap/api/maps/model/Arc;,getStrokeWidth,"('id',)"
Lcom/amap/api/maps/model/Arc;,setStrokeWidth,"('id',)"
Lcom/amap/api/maps/model/ArcOptions;,getStrokeWidth,"('id',)"
Lcom/amap/api/maps/model/ArcOptions;,strokeWidth,"('id',)"
Lcom/amap/api/maps/model/BitmapDescriptor;,getHeight,"('Height',)"
Lcom/amap/api/maps/model/BitmapDescriptor;,getWidth,"('id',)"
Lcom/amap/api/maps/model/BuildingOverlayOptions;,getBuildingHeight,"('Height',)"
Lcom/amap/api/maps/model/BuildingOverlayOptions;,getBuildingHeightScale,"('Height',)"
Lcom/amap/api/maps/model/BuildingOverlayOptions;,getBuildingSideColor,"('id',)"
Lcom/amap/api/maps/model/BuildingOverlayOptions;,setBuildingHeight,"('Height',)"
Lcom/amap/api/maps/model/BuildingOverlayOptions;,setBuildingHeightScale,"('Height',)"
Lcom/amap/api/maps/model/BuildingOverlayOptions;,setBuildingSideColor,"('id',)"
Lcom/amap/api/maps/model/Circle;,getStrokeWidth,"('id',)"
Lcom/amap/api/maps/model/Circle;,setStrokeWidth,"('id',)"
Lcom/amap/api/maps/model/CircleOptions;,getStrokeWidth,"('id',)"
Lcom/amap/api/maps/model/CircleOptions;,strokeWidth,"('id',)"
Lcom/amap/api/maps/model/GroundOverlay;,getHeight,"('Height',)"
Lcom/amap/api/maps/model/GroundOverlay;,getWidth,"('id',)"
Lcom/amap/api/maps/model/GroundOverlayOptions;,getHeight,"('Height',)"
Lcom/amap/api/maps/model/GroundOverlayOptions;,getLocation,"('Location',)"
Lcom/amap/api/maps/model/GroundOverlayOptions;,getWidth,"('id',)"
Lcom/amap/api/maps/model/HeatmapTileProvider;,getTileHeight,"('Height',)"
Lcom/amap/api/maps/model/HeatmapTileProvider;,getTileWidth,"('id',)"
Lcom/amap/api/maps/model/Marker;,hideInfoWindow,"('id',)"
Lcom/amap/api/maps/model/Marker;,isClickable,"('Click',)"
Lcom/amap/api/maps/model/Marker;,setClickable,"('Click',)"
Lcom/amap/api/maps/model/MultiPointItem;,getIPoint,"('IP',)"
Lcom/amap/api/maps/model/MultiPointItem;,setIPoint,"('IP',)"
Lcom/amap/api/maps/model/MyLocationStyle;,getMyLocationIcon,"('Location',)"
Lcom/amap/api/maps/model/MyLocationStyle;,getMyLocationType,"('Location',)"
Lcom/amap/api/maps/model/MyLocationStyle;,getStrokeWidth,"('id',)"
Lcom/amap/api/maps/model/MyLocationStyle;,isMyLocationShowing,"('Location',)"
Lcom/amap/api/maps/model/MyLocationStyle;,myLocationIcon,"('Location',)"
Lcom/amap/api/maps/model/MyLocationStyle;,myLocationType,"('Location',)"
Lcom/amap/api/maps/model/MyLocationStyle;,showMyLocation,"('Location',)"
Lcom/amap/api/maps/model/MyLocationStyle;,strokeWidth,"('id',)"
Lcom/amap/api/maps/model/NavigateArrow;,getSideColor,"('id',)"
Lcom/amap/api/maps/model/NavigateArrow;,getWidth,"('id',)"
Lcom/amap/api/maps/model/NavigateArrow;,setSideColor,"('id',)"
Lcom/amap/api/maps/model/NavigateArrow;,setWidth,"('id',)"
Lcom/amap/api/maps/model/NavigateArrowOptions;,getSideColor,"('id',)"
Lcom/amap/api/maps/model/NavigateArrowOptions;,getWidth,"('id',)"
Lcom/amap/api/maps/model/NavigateArrowOptions;,sideColor,"('id',)"
Lcom/amap/api/maps/model/NavigateArrowOptions;,width,"('id',)"
Lcom/amap/api/maps/model/Polygon;,getStrokeWidth,"('id',)"
Lcom/amap/api/maps/model/Polygon;,setStrokeWidth,"('id',)"
Lcom/amap/api/maps/model/PolygonOptions;,getStrokeWidth,"('id',)"
Lcom/amap/api/maps/model/PolygonOptions;,strokeWidth,"('id',)"
Lcom/amap/api/maps/model/Polyline;,getWidth,"('id',)"
Lcom/amap/api/maps/model/Polyline;,setWidth,"('id',)"
Lcom/amap/api/maps/model/PolylineOptions;,getWidth,"('id',)"
Lcom/amap/api/maps/model/PolylineOptions;,width,"('id',)"
Lcom/amap/api/maps/model/TileOverlayOptions;,getTileProvider,"('id',)"
Lcom/amap/api/maps/model/TileOverlayOptions;,tileProvider,"('id',)"
Lcom/amap/api/maps/model/TileProvider;,getTileHeight,"('Height',)"
Lcom/amap/api/maps/model/TileProvider;,getTileWidth,"('id',)"
Lcom/amap/api/maps/model/UrlTileProvider;,getTileHeight,"('Height',)"
Lcom/amap/api/maps/model/UrlTileProvider;,getTileWidth,"('id',)"
Lcom/amap/api/maps/offlinemap/DownloadProgressView;,getHeight,"('Height',)"
Lcom/amap/api/maps/offlinemap/DownloadProgressView;,getWidth,"('id',)"
Lcom/amap/api/maps/offlinemap/DownloadProgressView;,invalidate,"('id',)"
Lcom/amap/api/maps/offlinemap/OfflineMapActivity;,onClick,"('Click',)"
Lcom/amap/api/offlineservice/AMapPermissionActivity$1;,onClick,"('Click',)"
Lcom/amap/api/offlineservice/AMapPermissionActivity$2;,onClick,"('Click',)"
Lcom/amap/api/trace/LBSTraceBase;,setLocationInterval,"('Location',)"
Lcom/autonavi/amap/mapcore/Inner_3dMap_location;,getAddress,"('Address',)"
Lcom/autonavi/amap/mapcore/Inner_3dMap_location;,getLocationDetail,"('Location',)"
Lcom/autonavi/amap/mapcore/Inner_3dMap_location;,getLocationType,"('Location',)"
Lcom/autonavi/amap/mapcore/Inner_3dMap_location;,getProvider,"('id',)"
Lcom/autonavi/amap/mapcore/Inner_3dMap_location;,setAddress,"('Address',)"
Lcom/autonavi/amap/mapcore/Inner_3dMap_location;,setLocationDetail,"('Location',)"
Lcom/autonavi/amap/mapcore/Inner_3dMap_location;,setLocationType,"('Location',)"
Lcom/autonavi/amap/mapcore/Inner_3dMap_location;,setProvider,"('id',)"
Lcom/autonavi/amap/mapcore/Inner_3dMap_locationListener;,onLocationChanged,"('Location',)"
Lcom/autonavi/amap/mapcore/Inner_3dMap_locationManagerBase;,getLastKnownLocation,"('Location',)"
Lcom/autonavi/amap/mapcore/Inner_3dMap_locationManagerBase;,setLocationListener,"('Location',)"
Lcom/autonavi/amap/mapcore/Inner_3dMap_locationManagerBase;,setLocationOption,"('Location',)"
Lcom/autonavi/amap/mapcore/Inner_3dMap_locationManagerBase;,startLocation,"('Location',)"
Lcom/autonavi/amap/mapcore/Inner_3dMap_locationManagerBase;,stopLocation,"('Location',)"
Lcom/autonavi/amap/mapcore/Inner_3dMap_locationManagerBase;,unRegisterLocationListener,"('Location',)"
Lcom/autonavi/amap/mapcore/Inner_3dMap_locationOption;,getLocationMode,"('Location',)"
Lcom/autonavi/amap/mapcore/Inner_3dMap_locationOption;,getLocationProtocol,"('Location',)"
Lcom/autonavi/amap/mapcore/Inner_3dMap_locationOption;,isLocationCacheEnable,"('Location',)"
Lcom/autonavi/amap/mapcore/Inner_3dMap_locationOption;,isNeedAddress,"('Address',)"
Lcom/autonavi/amap/mapcore/Inner_3dMap_locationOption;,isOnceLocation,"('Location',)"
Lcom/autonavi/amap/mapcore/Inner_3dMap_locationOption;,isOnceLocationLatest,"('Location',)"
Lcom/autonavi/amap/mapcore/Inner_3dMap_locationOption;,setLocationCacheEnable,"('Location',)"
Lcom/autonavi/amap/mapcore/Inner_3dMap_locationOption;,setLocationMode,"('Location',)"
Lcom/autonavi/amap/mapcore/Inner_3dMap_locationOption;,setLocationProtocol,"('Location',)"
Lcom/autonavi/amap/mapcore/Inner_3dMap_locationOption;,setNeedAddress,"('Address',)"
Lcom/autonavi/amap/mapcore/Inner_3dMap_locationOption;,setOnceLocation,"('Location',)"
Lcom/autonavi/amap/mapcore/Inner_3dMap_locationOption;,setOnceLocationLatest,"('Location',)"
Lcom/autonavi/amap/mapcore/animation/GLAnimation;,getInvalidateRegion,"('id',)"
Lcom/autonavi/amap/mapcore/animation/GLAnimation;,initializeInvalidateRegion,"('id',)"
Lcom/autonavi/amap/mapcore/interfaces/IAMap;,addOnInfoWindowClickListener,"('Click',)"
Lcom/autonavi/amap/mapcore/interfaces/IAMap;,addOnMapClickListener,"('Click',)"
Lcom/autonavi/amap/mapcore/interfaces/IAMap;,addOnMapLongClickListener,"('Click',)"
Lcom/autonavi/amap/mapcore/interfaces/IAMap;,addOnMarkerClickListener,"('Click',)"
Lcom/autonavi/amap/mapcore/interfaces/IAMap;,addOnMyLocationChangeListener,"('Location',)"
Lcom/autonavi/amap/mapcore/interfaces/IAMap;,addOnPOIClickListener,"('Click',)"
Lcom/autonavi/amap/mapcore/interfaces/IAMap;,addOnPolylineClickListener,"('Click',)"
Lcom/autonavi/amap/mapcore/interfaces/IAMap;,getMapHeight,"('Height',)"
Lcom/autonavi/amap/mapcore/interfaces/IAMap;,getMapWidth,"('id',)"
Lcom/autonavi/amap/mapcore/interfaces/IAMap;,getMyLocation,"('Location',)"
Lcom/autonavi/amap/mapcore/interfaces/IAMap;,getMyLocationStyle,"('Location',)"
Lcom/autonavi/amap/mapcore/interfaces/IAMap;,getSkyHeight,"('Height',)"
Lcom/autonavi/amap/mapcore/interfaces/IAMap;,isMyLocationEnabled,"('Location',)"
Lcom/autonavi/amap/mapcore/interfaces/IAMap;,removeOnInfoWindowClickListener,"('Click',)"
Lcom/autonavi/amap/mapcore/interfaces/IAMap;,removeOnMapClickListener,"('Click',)"
Lcom/autonavi/amap/mapcore/interfaces/IAMap;,removeOnMapLongClickListener,"('Click',)"
Lcom/autonavi/amap/mapcore/interfaces/IAMap;,removeOnMarkerClickListener,"('Click',)"
Lcom/autonavi/amap/mapcore/interfaces/IAMap;,removeOnMyLocationChangeListener,"('Location',)"
Lcom/autonavi/amap/mapcore/interfaces/IAMap;,removeOnPOIClickListener,"('Click',)"
Lcom/autonavi/amap/mapcore/interfaces/IAMap;,removeOnPolylineClickListener,"('Click',)"
Lcom/autonavi/amap/mapcore/interfaces/IAMap;,resetMinMaxZoomPreference,"('Preference',)"
Lcom/autonavi/amap/mapcore/interfaces/IAMap;,setLocationSource,"('Location',)"
Lcom/autonavi/amap/mapcore/interfaces/IAMap;,setMyLocationEnabled,"('Location',)"
Lcom/autonavi/amap/mapcore/interfaces/IAMap;,setMyLocationRotateAngle,"('Location',)"
Lcom/autonavi/amap/mapcore/interfaces/IAMap;,setMyLocationStyle,"('Location',)"
Lcom/autonavi/amap/mapcore/interfaces/IAMap;,setMyLocationType,"('Location',)"
Lcom/autonavi/amap/mapcore/interfaces/IAMap;,setOnInfoWindowClickListener,"('Click',)"
Lcom/autonavi/amap/mapcore/interfaces/IAMap;,setOnMapClickListener,"('Click',)"
Lcom/autonavi/amap/mapcore/interfaces/IAMap;,setOnMapLongClickListener,"('Click',)"
Lcom/autonavi/amap/mapcore/interfaces/IAMap;,setOnMarkerClickListener,"('Click',)"
Lcom/autonavi/amap/mapcore/interfaces/IAMap;,setOnMultiPointClickListener,"('Click',)"
Lcom/autonavi/amap/mapcore/interfaces/IAMap;,setOnMyLocationChangeListener,"('Location',)"
Lcom/autonavi/amap/mapcore/interfaces/IAMap;,setOnPOIClickListener,"('Click',)"
Lcom/autonavi/amap/mapcore/interfaces/IAMap;,setOnPolylineClickListener,"('Click',)"
Lcom/autonavi/amap/mapcore/interfaces/IArc;,getStrokeWidth,"('id',)"
Lcom/autonavi/amap/mapcore/interfaces/IArc;,setStrokeWidth,"('id',)"
Lcom/autonavi/amap/mapcore/interfaces/ICircle;,getStrokeWidth,"('id',)"
Lcom/autonavi/amap/mapcore/interfaces/ICircle;,setStrokeWidth,"('id',)"
Lcom/autonavi/amap/mapcore/interfaces/IGroundOverlay;,getHeight,"('Height',)"
Lcom/autonavi/amap/mapcore/interfaces/IGroundOverlay;,getWidth,"('id',)"
Lcom/autonavi/amap/mapcore/interfaces/IMapConfig;,getMapHeight,"('Height',)"
Lcom/autonavi/amap/mapcore/interfaces/IMapConfig;,getMapWidth,"('id',)"
Lcom/autonavi/amap/mapcore/interfaces/IMarker;,hideInfoWindow,"('id',)"
Lcom/autonavi/amap/mapcore/interfaces/IMarkerAction;,isClickable,"('Click',)"
Lcom/autonavi/amap/mapcore/interfaces/IMarkerAction;,setClickable,"('Click',)"
Lcom/autonavi/amap/mapcore/interfaces/IMultiPointOverlay;,onClick,"('Click',)"
Lcom/autonavi/amap/mapcore/interfaces/INavigateArrow;,getSideColor,"('id',)"
Lcom/autonavi/amap/mapcore/interfaces/INavigateArrow;,getWidth,"('id',)"
Lcom/autonavi/amap/mapcore/interfaces/INavigateArrow;,setSideColor,"('id',)"
Lcom/autonavi/amap/mapcore/interfaces/INavigateArrow;,setWidth,"('id',)"
Lcom/autonavi/amap/mapcore/interfaces/IPolygon;,getStrokeWidth,"('id',)"
Lcom/autonavi/amap/mapcore/interfaces/IPolygon;,setStrokeWidth,"('id',)"
Lcom/autonavi/amap/mapcore/interfaces/IPolyline;,getWidth,"('id',)"
Lcom/autonavi/amap/mapcore/interfaces/IPolyline;,setWidth,"('id',)"
Lcom/autonavi/amap/mapcore/interfaces/IProjection;,fromScreenLocation,"('Location',)"
Lcom/autonavi/amap/mapcore/interfaces/IProjection;,toMapLocation,"('Location',)"
Lcom/autonavi/amap/mapcore/interfaces/IProjection;,toScreenLocation,"('Location',)"
Lcom/autonavi/amap/mapcore/interfaces/IUiSettings;,isMyLocationButtonEnabled,"('Location',)"
Lcom/autonavi/amap/mapcore/interfaces/IUiSettings;,setMyLocationButtonEnabled,"('Location',)"
Lcom/autonavi/base/ae/gmap/GLMapEngine;,requireCharsWidths,"('id',)"
Lcom/autonavi/base/ae/gmap/GLMapEngine;,startMapSlidAnim,"('id',)"
Lcom/autonavi/base/ae/gmap/GLMapState;,getSkyHeight,"('Height',)"
Lcom/autonavi/base/ae/gmap/GLMapState;,nativeGetSkyHeight,"('Height',)"
Lcom/autonavi/base/ae/gmap/glanimation/AbstractAdglAnimation;,isValid,"('id',)"
Lcom/autonavi/base/ae/gmap/glanimation/AdglMapAnimGroup;,isValid,"('id',)"
Lcom/autonavi/base/ae/gmap/gloverlay/BaseMapOverlay;,isClickable,"('Click',)"
Lcom/autonavi/base/ae/gmap/gloverlay/BaseMapOverlay;,setClickable,"('Click',)"
Lcom/autonavi/base/ae/gmap/gloverlay/GLOverlay;,isClickable,"('Click',)"
Lcom/autonavi/base/ae/gmap/gloverlay/GLOverlay;,nativeIsClickable,"('Click',)"
Lcom/autonavi/base/ae/gmap/gloverlay/GLOverlay;,nativeSetClickable,"('Click',)"
Lcom/autonavi/base/ae/gmap/gloverlay/GLOverlay;,setClickable,"('Click',)"
Lcom/autonavi/base/ae/gmap/listener/AMapWidgetListener;,invalidateCompassView,"('id',)"
Lcom/autonavi/base/ae/gmap/listener/AMapWidgetListener;,invalidateScaleView,"('id',)"
Lcom/autonavi/base/ae/gmap/listener/AMapWidgetListener;,invalidateZoomController,"('id',)"
Lcom/autonavi/base/ae/gmap/style/StyleItem;,isValid,"('id',)"
Lcom/autonavi/base/amap/api/mapcore/IAMapDelegate;,getMapHeight,"('Height',)"
Lcom/autonavi/base/amap/api/mapcore/IAMapDelegate;,getMapWidth,"('id',)"
Lcom/autonavi/base/amap/api/mapcore/IAMapDelegate;,getMyLocation,"('Location',)"
Lcom/autonavi/base/amap/api/mapcore/IAMapDelegate;,getSkyHeight,"('Height',)"
Lcom/autonavi/base/amap/api/mapcore/IAMapDelegate;,hideInfoWindow,"('id',)"
Lcom/autonavi/base/amap/api/mapcore/IAMapDelegate;,isMyLocationEnabled,"('Location',)"
Lcom/autonavi/base/amap/api/mapcore/IAMapDelegate;,setHideLogoEnble,"('id',)"
Lcom/autonavi/base/amap/api/mapcore/IAMapDelegate;,setMapWidgetListener,"('id',)"
Lcom/autonavi/base/amap/api/mapcore/IAMapDelegate;,setMyLocationEnabled,"('Location',)"
Lcom/autonavi/base/amap/api/mapcore/IAMapDelegate;,showMyLocationButtonEnabled,"('Location',)"
Lcom/autonavi/base/amap/api/mapcore/IAMapDelegate;,showMyLocationOverlay,"('Location',)"
Lcom/autonavi/base/amap/api/mapcore/IGLSurfaceView;,getHeight,"('Height',)"
Lcom/autonavi/base/amap/api/mapcore/IGLSurfaceView;,getWidth,"('id',)"
Lcom/autonavi/base/amap/api/mapcore/IUiSettingsDelegate;,isMyLocationButtonEnabled,"('Location',)"
Lcom/autonavi/base/amap/api/mapcore/InfoWindowCalculate;,getHeight,"('Height',)"
Lcom/autonavi/base/amap/api/mapcore/InfoWindowCalculate;,getWidth,"('id',)"
Lcom/autonavi/base/amap/api/mapcore/infowindow/IInfoWindowAction;,hideInfoWindow,"('id',)"
Lcom/autonavi/base/amap/api/mapcore/overlays/IMarkerDelegate;,getHeight,"('Height',)"
Lcom/autonavi/base/amap/api/mapcore/overlays/IMarkerDelegate;,getWidth,"('id',)"
Lcom/autonavi/base/amap/mapcore/IAMapEngineCallback;,requireCharsWidths,"('id',)"
Lcom/autonavi/base/amap/mapcore/MapConfig;,getChangeGridRatio,"('id',)"
Lcom/autonavi/base/amap/mapcore/MapConfig;,getGridX,"('id',)"
Lcom/autonavi/base/amap/mapcore/MapConfig;,getGridY,"('id',)"
Lcom/autonavi/base/amap/mapcore/MapConfig;,getLimitIPoints,"('IP',)"
Lcom/autonavi/base/amap/mapcore/MapConfig;,getMapHeight,"('Height',)"
Lcom/autonavi/base/amap/mapcore/MapConfig;,getMapWidth,"('id',)"
Lcom/autonavi/base/amap/mapcore/MapConfig;,getSkyHeight,"('Height',)"
Lcom/autonavi/base/amap/mapcore/MapConfig;,isHideLogoEnable,"('id',)"
Lcom/autonavi/base/amap/mapcore/MapConfig;,resetMinMaxZoomPreference,"('Preference',)"
Lcom/autonavi/base/amap/mapcore/MapConfig;,setGridXY,"('id',)"
Lcom/autonavi/base/amap/mapcore/MapConfig;,setHideLogoEnble,"('id',)"
Lcom/autonavi/base/amap/mapcore/MapConfig;,setLimitIPoints,"('IP',)"
Lcom/autonavi/base/amap/mapcore/MapConfig;,setMapHeight,"('Height',)"
Lcom/autonavi/base/amap/mapcore/MapConfig;,setMapWidth,"('id',)"
Lcom/autonavi/base/amap/mapcore/MapConfig;,setSkyHeight,"('Height',)"
Lcom/autonavi/base/amap/mapcore/NativeBase;,validate,"('id',)"
Lcom/autonavi/base/amap/mapcore/maploader/AMapLoader$AMapGridDownloadRequest;,getIPV6URL,"('IP',)"
Lcom/autonavi/base/amap/mapcore/maploader/AMapLoader$AMapGridDownloadRequest;,isSupportIPV6,"('IP',)"
Lcom/autonavi/base/amap/mapcore/maploader/AMapLoader$AMapGridDownloadRequest;,setConnectionTimeout,"('Connection',)"
Lcom/autonavi/base/amap/mapcore/tools/TextTextureGenerator;,getCharsWidths,"('id',)"
Lcom/autonavi/base/amap/mapcore/tools/TextTextureGenerator;,getFontHeight,"('Height',)"
Lorg/json/JSONObject;,names,"('name',)"
