com/google/firebase/FirebaseApp,getName,"('name',)"
com/google/firebase/FirebaseOptions,getApplicationId,"('id',)"
com/google/firebase/FirebaseOptions,getGcmSenderId,"('id',)"
com/google/firebase/FirebaseOptions,getProjectId,"('id',)"
com/google/firebase/FirebaseOptions.Builder,setApplicationId,"('id',)"
com/google/firebase/FirebaseOptions.Builder,setGcmSenderId,"('id',)"
com/google/firebase/FirebaseOptions.Builder,setProjectId,"('id',)"
com/google/firebase/auth/GetTokenResult,getSignInProvider,"('id',)"
com/google/firebase/auth/ActionCodeSettings,getAndroidInstallApp,"('Android', 'ID')"
com/google/firebase/auth/ActionCodeSettings,getAndroidMinimumVersion,"('Android', 'ID')"
com/google/firebase/auth/ActionCodeSettings,getAndroidPackageName,"('name',)"
com/google/firebase/auth/ActionCodeSettings.Builder,setAndroidPackageName,"('name',)"
com/google/firebase/auth/ActionCodeSettings.Builder,setIOSBundleId,"('id',)"
com/google/firebase/auth/AdditionalUserInfo,getProviderId,"('id',)"
com/google/firebase/auth/AdditionalUserInfo,getUsername,"('name',)"
com/google/firebase/auth/AuthCredential,getProvider,"('id',)"
com/google/firebase/auth/EmailAuthCredential,getProvider,"('id',)"
com/google/firebase/auth/FacebookAuthCredential,getProvider,"('id',)"
com/google/firebase/auth/FirebaseAuth,addIdTokenListener,"('AD', 'ID')"
com/google/firebase/auth/FirebaseAuth,confirmPasswordReset,"('Password',)"
com/google/firebase/auth/FirebaseAuth,createUserWithEmailAndPassword,"('Password',)"
com/google/firebase/auth/FirebaseAuth,removeIdTokenListener,"('id',)"
com/google/firebase/auth/FirebaseAuth,sendPasswordResetEmail,"('Password',)"
com/google/firebase/auth/FirebaseAuth,signInWithEmailAndPassword,"('Password',)"
com/google/firebase/auth/FirebaseAuth,startActivityForSignInWithProvider,"('id',)"
com/google/firebase/auth/FirebaseAuth,verifyPasswordResetCode,"('Password',)"
com/google/firebase/auth/FirebaseAuth.IdTokenListener,onIdTokenChanged,"('id',)"
com/google/firebase/auth/FirebaseAuthSettings,setAutoRetrievedSmsCodeForPhoneNumber,"('Phone', 'Number')"
com/google/firebase/auth/FirebaseUser,getDisplayName,"('name',)"
com/google/firebase/auth/FirebaseUser,getIdToken,"('id',)"
com/google/firebase/auth/FirebaseUser,getPhoneNumber,"('Phone', 'Number')"
com/google/firebase/auth/FirebaseUser,getProviderData,"('id',)"
com/google/firebase/auth/FirebaseUser,getProviderId,"('id',)"
com/google/firebase/auth/FirebaseUser,getUid,"('id',)"
com/google/firebase/auth/FirebaseUser,startActivityForLinkWithProvider,"('id',)"
com/google/firebase/auth/FirebaseUser,startActivityForReauthenticateWithProvider,"('id',)"
com/google/firebase/auth/FirebaseUser,updatePassword,"('Password',)"
com/google/firebase/auth/FirebaseUser,updatePhoneNumber,"('Phone', 'Number')"
com/google/firebase/auth/GetTokenResult,getSignInProvider,"('id',)"
com/google/firebase/auth/GithubAuthCredential,getProvider,"('id',)"
com/google/firebase/auth/GoogleAuthCredential,getProvider,"('id',)"
com/google/firebase/auth/MultiFactorAssertion,getFactorId,"('id',)"
com/google/firebase/auth/MultiFactorInfo,getDisplayName,"('name',)"
com/google/firebase/auth/MultiFactorInfo,getFactorId,"('id',)"
com/google/firebase/auth/MultiFactorInfo,getUid,"('id',)"
com/google/firebase/auth/OAuthCredential,getIdToken,"('id',)"
com/google/firebase/crashlytics/FirebaseCrashlytics,didCrashOnPreviousExecution,"('id',)"
com/google/firebase/crashlytics/FirebaseCrashlytics,setUserId,"('id',)"
com/google/firebase/database/DatabaseReference,runTransaction,"('Transaction',)"
com/google/firebase/database/Transaction.Handler,doTransaction,"('Transaction',)"
com/google/firebase/dynamiclinks/DynamicLink.Builder,getDomainUriPrefix,"('IP',)"
com/google/firebase/dynamiclinks/DynamicLink.Builder,setAndroidParameters,"('Android', 'ID')"
com/google/firebase/dynamiclinks/DynamicLink.Builder,setDomainUriPrefix,"('IP',)"
com/google/firebase/dynamiclinks/DynamicLink.IosParameters.Builder,getAppStoreId,"('id',)"
com/google/firebase/dynamiclinks/DynamicLink.IosParameters.Builder,getIpadBundleId,"('AD', 'ID')"
com/google/firebase/dynamiclinks/DynamicLink.IosParameters.Builder,getIpadFallbackUrl,"('IP',)"
com/google/firebase/dynamiclinks/DynamicLink.IosParameters.Builder,setAppStoreId,"('id',)"
com/google/firebase/dynamiclinks/DynamicLink.IosParameters.Builder,setIpadBundleId,"('AD', 'ID')"
com/google/firebase/dynamiclinks/DynamicLink.IosParameters.Builder,setIpadFallbackUrl,"('IP',)"
com/google/firebase/dynamiclinks/DynamicLink.ItunesConnectAnalyticsParameters.Builder,getProviderToken,"('id',)"
com/google/firebase/dynamiclinks/DynamicLink.ItunesConnectAnalyticsParameters.Builder,setProviderToken,"('id',)"
com/google/firebase/dynamiclinks/DynamicLink.SocialMetaTagParameters.Builder,getDescription,"('IP',)"
com/google/firebase/dynamiclinks/DynamicLink.SocialMetaTagParameters.Builder,setDescription,"('IP',)"
com/google/firebase/dynamiclinks/PendingDynamicLinkData,getClickTimestamp,"('Click',)"
com/google/firebase/firestore/CollectionReference,getId,"('id',)"
com/google/firebase/firestore/DocumentSnapshot,getId,"('id',)"
com/google/firebase/firestore/FieldPath,documentId,"('id',)"
com/google/firebase/firestore/FirebaseFirestore,runTransaction,"('Transaction',)"
com/google/firebase/iid/FirebaseInstanceId,deleteInstanceId,"('id',)"
com/google/firebase/iid/FirebaseInstanceId,getId,"('id',)"
com/google/firebase/iid/InstanceIdResult,getId,"('id',)"
com/google/firebase/inappmessaging/model/CampaignMetadata,getCampaignId,"('id',)"
com/google/firebase/inappmessaging/model/CampaignMetadata,getCampaignName,"('name',)"
com/google/firebase/inappmessaging/FirebaseInAppMessaging,addClickListener,"('Click',)"
com/google/firebase/inappmessaging/FirebaseInAppMessaging,removeClickListener,"('Click',)"
com/google/firebase/inappmessaging/FirebaseInAppMessagingClickListener,messageClicked,"('Click',)"
com/google/firebase/inappmessaging/FirebaseInAppMessagingContextualTrigger,getTriggerName,"('name',)"
com/google/firebase/inappmessaging/FirebaseInAppMessagingDisplayCallbacks,messageClicked,"('Click',)"
com/google/firebase/inappmessaging/model/InAppMessage,getCampaignId,"('id',)"
com/google/firebase/inappmessaging/model/InAppMessage,getCampaignName,"('name',)"
com/google/firebase/installations/FirebaseInstallations,getId,"('id',)"
com/google/firebase/messaging/RemoteMessage,getMessageId,"('id',)"
com/google/firebase/messaging/RemoteMessage,getSenderId,"('id',)"
com/google/firebase/messaging/RemoteMessage.Builder,setMessageId,"('id',)"
com/google/firebase/messaging/RemoteMessage.Notification,getChannelId,"('id',)"
com/google/firebase/messaging/RemoteMessage.Notification,getClickAction,"('Click',)"
com/google/firebase/ml/naturallanguage/languageid/FirebaseLanguageIdentification,identifyLanguage,"('id',)"
com/google/firebase/ml/naturallanguage/languageid/FirebaseLanguageIdentification,identifyPossibleLanguages,"('id',)"
com/google/firebase/ml/naturallanguage/languageid/FirebaseLanguageIdentificationOptions,getConfidenceThreshold,"('id',)"
com/google/firebase/ml/naturallanguage/languageid/FirebaseLanguageIdentificationOptions.Builder,setConfidenceThreshold,"('id',)"
com/google/firebase/ml/common/modeldownload/FirebaseModelDownloadConditions,isDeviceIdleRequired,"('Device', 'ID')"
com/google/firebase/ml/common/modeldownload/FirebaseModelDownloadConditions.Builder,requireDeviceIdle,"('Device', 'ID')"
com/google/firebase/ml/naturallanguage/FirebaseNaturalLanguage,getLanguageIdentification,"('id',)"
com/google/firebase/ml/vision/barcode/FirebaseVisionBarcode.Address,getAddressLines,"('Address',)"
com/google/firebase/ml/vision/barcode/FirebaseVisionBarcode.CalendarEvent,getDescription,"('IP',)"
com/google/firebase/ml/vision/barcode/FirebaseVisionBarcode.CalendarEvent,getLocation,"('Location',)"
com/google/firebase/ml/vision/barcode/FirebaseVisionBarcode.ContactInfo,getAddresses,"('Address',)"
com/google/firebase/ml/vision/barcode/FirebaseVisionBarcode.ContactInfo,getName,"('name',)"
com/google/firebase/ml/vision/barcode/FirebaseVisionBarcode.DriverLicense,getAddressCity,"('Address',)"
com/google/firebase/ml/vision/barcode/FirebaseVisionBarcode.DriverLicense,getAddressState,"('Address',)"
com/google/firebase/ml/vision/barcode/FirebaseVisionBarcode.DriverLicense,getAddressStreet,"('Address',)"
com/google/firebase/ml/vision/barcode/FirebaseVisionBarcode.DriverLicense,getAddressZip,"('IP',)"
com/google/firebase/ml/vision/barcode/FirebaseVisionBarcode.DriverLicense,getFirstName,"('name',)"
com/google/firebase/ml/vision/barcode/FirebaseVisionBarcode.DriverLicense,getGender,"('Gender',)"
com/google/firebase/ml/vision/barcode/FirebaseVisionBarcode.DriverLicense,getLastName,"('name',)"
com/google/firebase/ml/vision/barcode/FirebaseVisionBarcode.DriverLicense,getMiddleName,"('name',)"
com/google/firebase/ml/vision/barcode/FirebaseVisionBarcode.Email,getAddress,"('Address',)"
com/google/firebase/ml/vision/barcode/FirebaseVisionBarcode.PersonName,getFormattedName,"('name',)"
com/google/firebase/ml/vision/barcode/FirebaseVisionBarcode.PersonName,getMiddle,"('id',)"
com/google/firebase/ml/vision/barcode/FirebaseVisionBarcode.Sms,getPhoneNumber,"('Phone', 'Number')"
com/google/firebase/ml/vision/barcode/FirebaseVisionBarcode.WiFi,getPassword,"('Password',)"
com/google/firebase/ml/vision/barcode/FirebaseVisionBarcode.WiFi,getSsid,"('id',)"
com/google/firebase/ml/vision/cloud/FirebaseVisionCloudDetectorOptions.Builder,enforceCertFingerprintMatch,"('Fingerprint',)"
com/google/firebase/ml/vision/document/FirebaseVisionCloudDocumentRecognizerOptions.Builder,enforceCertFingerprintMatch,"('Fingerprint',)"
com/google/firebase/ml/vision/label/FirebaseVisionCloudImageLabelerOptions,getConfidenceThreshold,"('id',)"
com/google/firebase/ml/vision/label/FirebaseVisionCloudImageLabelerOptions,isEnforceCertFingerprintMatch,"('Fingerprint',)"
com/google/firebase/ml/vision/label/FirebaseVisionCloudImageLabelerOptions.Builder,enforceCertFingerprintMatch,"('Fingerprint',)"
com/google/firebase/ml/vision/label/FirebaseVisionCloudImageLabelerOptions.Builder,setConfidenceThreshold,"('id',)"
com/google/firebase/ml/vision/cloud/landmark/FirebaseVisionCloudLandmark,getConfidence,"('id',)"
com/google/firebase/ml/vision/cloud/landmark/FirebaseVisionCloudLandmark,getEntityId,"('id',)"
com/google/firebase/ml/vision/cloud/landmark/FirebaseVisionCloudLandmark,getLocations,"('Location',)"
com/google/firebase/ml/vision/text/FirebaseVisionCloudTextRecognizerOptions.Builder,enforceCertFingerprintMatch,"('Fingerprint',)"
com/google/firebase/ml/vision/document/FirebaseVisionDocumentText.Block,getConfidence,"('id',)"
com/google/firebase/ml/vision/document/FirebaseVisionDocumentText.Paragraph,getConfidence,"('id',)"
com/google/firebase/ml/vision/document/FirebaseVisionDocumentText.Symbol,getConfidence,"('id',)"
com/google/firebase/ml/vision/document/FirebaseVisionDocumentText.Word,getConfidence,"('id',)"
com/google/firebase/ml/vision/face/FirebaseVisionFace,getTrackingId,"('id',)"
com/google/firebase/ml/vision/label/FirebaseVisionImageLabel,getConfidence,"('id',)"
com/google/firebase/ml/vision/label/FirebaseVisionImageLabel,getEntityId,"('id',)"
com/google/firebase/ml/vision/common/FirebaseVisionImageMetadata,getHeight,"('Height',)"
com/google/firebase/ml/vision/common/FirebaseVisionImageMetadata,getWidth,"('id',)"
com/google/firebase/ml/vision/common/FirebaseVisionImageMetadata.Builder,setHeight,"('Height',)"
com/google/firebase/ml/vision/common/FirebaseVisionImageMetadata.Builder,setWidth,"('id',)"
com/google/firebase/ml/vision/objects/FirebaseVisionObject,getClassificationConfidence,"('id',)"
com/google/firebase/ml/vision/objects/FirebaseVisionObject,getTrackingId,"('id',)"
com/google/firebase/ml/vision/objects/FirebaseVisionObjectDetectorOptions.Builder,enableMultipleObjects,"('IP',)"
com/google/firebase/ml/vision/label/FirebaseVisionOnDeviceAutoMLImageLabelerOptions.Builder,setConfidenceThreshold,"('id',)"
com/google/firebase/ml/vision/label/FirebaseVisionOnDeviceImageLabelerOptions,getConfidenceThreshold,"('id',)"
com/google/firebase/ml/vision/label/FirebaseVisionOnDeviceImageLabelerOptions.Builder,setConfidenceThreshold,"('id',)"
com/google/firebase/ml/vision/text/FirebaseVisionText.Element,getConfidence,"('id',)"
com/google/firebase/ml/vision/text/FirebaseVisionText.Line,getConfidence,"('id',)"
com/google/firebase/ml/vision/text/FirebaseVisionText.TextBlock,getConfidence,"('id',)"
com/google/firebase/ml/naturallanguage/languageid/IdentifiedLanguage,getConfidence,"('id',)"
com/google/firebase/perf/metrics/AddTrace,name,"('name',)"
com/google/firebase/perf/FirebasePerformance,newTrace,"('Race',)"
com/google/firebase/perf/FirebasePerformance,startTrace,"('Race',)"
com/google/firebase/storage/StorageMetadata,getName,"('name',)"
com/google/firebase/storage/StorageReference,getName,"('name',)"
com/google/android/gms/ads/AdListener,onAdClicked,"('Click',)"
com/google/android/gms/ads/AdLoader,getMediationAdapterClassName,"('name',)"
com/google/android/gms/ads/AdRequest,getBirthday,"('Birthday',)"
com/google/android/gms/ads/AdRequest,getGender,"('Gender',)"
com/google/android/gms/ads/AdRequest,getLocation,"('Location',)"
com/google/android/gms/ads/AdSize,WIDE_SKYSCRAPE,"('id',)"
com/google/android/gms/ads/AdSize,getCurrentOrientationBannerAdSizeWithWidth,"('AD', 'ID')"
com/google/android/gms/ads/AdSize,getHeight,"('Height',)"
com/google/android/gms/ads/AdSize,getHeightInPixels,"('Height',)"
com/google/android/gms/ads/AdSize,getLandscapeBannerAdSizeWithWidth,"('AD', 'ID')"
com/google/android/gms/ads/AdSize,getPortraitBannerAdSizeWithWidth,"('AD', 'ID')"
com/google/android/gms/ads/AdSize,getWidth,"('id',)"
com/google/android/gms/ads/AdSize,isAutoHeight,"('Height',)"
com/google/android/gms/ads/AdSize,isFluid,"('id',)"
com/google/android/gms/ads/AdSize,isFullWidth,"('id',)"
com/google/android/gms/ads/AdValue,getCurrencyCode,"('Currency',)"
com/google/android/gms/ads/AdView,getAdUnitId,"('AD', 'ID')"
com/google/android/gms/ads/AdView,getMediationAdapterClassName,"('name',)"
com/google/android/gms/ads/AdView,setAdUnitId,"('AD', 'ID')"
com/google/android/gms/ads/AdView,setOnPaidEventListener,"('id',)"
com/google/android/gms/ads/doubleclick/CustomRenderedAd,recordClick,"('Click',)"
com/google/android/gms/ads/InterstitialAd,getAdUnitId,"('AD', 'ID')"
com/google/android/gms/ads/InterstitialAd,getMediationAdapterClassName,"('name',)"
com/google/android/gms/ads/InterstitialAd,setAdUnitId,"('AD', 'ID')"
com/google/android/gms/ads/InterstitialAd,setOnPaidEventListener,"('id',)"
com/google/android/gms/ads/MediaContent,getVideoController,"('id',)"
com/google/android/gms/ads/MediaContent,hasVideoContent,"('id',)"
com/google/android/gms/ads/MobileAds,getRewardedVideoAdInstance,"('AD', 'ID')"
com/google/android/gms/ads/MuteThisAdReason,getDescription,"('IP',)"
com/google/android/gms/ads/NativeExpressAdView,getAdUnitId,"('AD', 'ID')"
com/google/android/gms/ads/NativeExpressAdView,getMediationAdapterClassName,"('name',)"
com/google/android/gms/ads/NativeExpressAdView,getVideoController,"('id',)"
com/google/android/gms/ads/NativeExpressAdView,getVideoOptions,"('id',)"
com/google/android/gms/ads/NativeExpressAdView,setAdUnitId,"('AD', 'ID')"
com/google/android/gms/ads/NativeExpressAdView,setOnPaidEventListener,"('id',)"
com/google/android/gms/ads/NativeExpressAdView,setVideoOptions,"('id',)"
com/google/android/gms/ads/OnPaidEventListener,onPaidEvent,"('id',)"
com/google/android/gms/ads/doubleclick/PublisherAdRequest,getBirthday,"('Birthday',)"
com/google/android/gms/ads/doubleclick/PublisherAdRequest,getGender,"('Gender',)"
com/google/android/gms/ads/doubleclick/PublisherAdRequest,getLocation,"('Location',)"
com/google/android/gms/ads/doubleclick/PublisherAdRequest,getPublisherProvidedId,"('id',)"
com/google/android/gms/ads/doubleclick/PublisherAdRequest.Builder,setBirthday,"('Birthday',)"
com/google/android/gms/ads/doubleclick/PublisherAdRequest.Builder,setGender,"('Gender',)"
com/google/android/gms/ads/doubleclick/PublisherAdRequest.Builder,setLocation,"('Location',)"
com/google/android/gms/ads/doubleclick/PublisherAdRequest.Builder,setPublisherProvidedId,"('id',)"
com/google/android/gms/ads/doubleclick/PublisherAdView,getAdUnitId,"('AD', 'ID')"
com/google/android/gms/ads/doubleclick/PublisherAdView,getMediationAdapterClassName,"('name',)"
com/google/android/gms/ads/doubleclick/PublisherAdView,getVideoController,"('id',)"
com/google/android/gms/ads/doubleclick/PublisherAdView,getVideoOptions,"('id',)"
com/google/android/gms/ads/doubleclick/PublisherAdView,setAdUnitId,"('AD', 'ID')"
com/google/android/gms/ads/doubleclick/PublisherAdView,setVideoOptions,"('id',)"
com/google/android/gms/ads/doubleclick/PublisherInterstitialAd,getAdUnitId,"('AD', 'ID')"
com/google/android/gms/ads/doubleclick/PublisherInterstitialAd,getMediationAdapterClassName,"('name',)"
com/google/android/gms/ads/doubleclick/PublisherInterstitialAd,setAdUnitId,"('AD', 'ID')"
com/google/android/gms/ads/RequestConfiguration,getTestDeviceIds,"('Device', 'ID')"
com/google/android/gms/ads/RequestConfiguration.Builder,setTestDeviceIds,"('Device', 'ID')"
com/google/android/gms/ads/ResponseInfo,getMediationAdapterClassName,"('name',)"
com/google/android/gms/ads/ResponseInfo,getResponseId,"('id',)"
com/google/android/gms/ads/VideoController,getVideoLifecycleCallbacks,"('id',)"
com/google/android/gms/ads/VideoController,hasVideoContent,"('id',)"
com/google/android/gms/ads/VideoController,isClickToExpandEnabled,"('Click',)"
com/google/android/gms/ads/VideoController,setVideoLifecycleCallbacks,"('id',)"
com/google/android/gms/ads/VideoController.VideoLifecycleCallbacks,onVideoEnd,"('id',)"
com/google/android/gms/ads/VideoController.VideoLifecycleCallbacks,onVideoMute,"('id',)"
com/google/android/gms/ads/VideoController.VideoLifecycleCallbacks,onVideoPause,"('id',)"
com/google/android/gms/ads/VideoController.VideoLifecycleCallbacks,onVideoPlay,"('id',)"
com/google/android/gms/ads/VideoController.VideoLifecycleCallbacks,onVideoStart,"('id',)"
com/google/android/gms/ads/VideoOptions,getClickToExpandRequested,"('Click',)"
com/google/android/gms/ads/VideoOptions.Builder,setClickToExpandRequested,"('Click',)"
com/google/android/gms/ads/identifier/AdvertisingIdClient,getAdvertisingIdInfo,"('AD', 'ID')"
com/google/android/gms/ads/identifier/AdvertisingIdClient.Info,getId,"('id',)"
com/google/android/gms/analytics/ExceptionParser,getDescription,"('IP',)"
com/google/android/gms/analytics/GoogleAnalytics,dispatchLocalHits,"('Hit',)"
com/google/android/gms/analytics/HitBuilders.ExceptionBuilder,setDescription,"('IP',)"
com/google/android/gms/analytics/HitBuilders.HitBuilder,addProduct,"('Product',)"
com/google/android/gms/analytics/HitBuilders.HitBuilder,setHitType,"('Hit',)"
com/google/android/gms/analytics/HitBuilders.ItemBuilder,setCurrencyCode,"('Currency',)"
com/google/android/gms/analytics/HitBuilders.ItemBuilder,setName,"('name',)"
com/google/android/gms/analytics/HitBuilders.ItemBuilder,setPrice,"('Price',)"
com/google/android/gms/analytics/HitBuilders.ItemBuilder,setTransactionId,"('Transaction',)"
com/google/android/gms/analytics/HitBuilders.TransactionBuilder,setCurrencyCode,"('Currency',)"
com/google/android/gms/analytics/HitBuilders.TransactionBuilder,setRevenue,"('Revenue',)"
com/google/android/gms/analytics/HitBuilders.TransactionBuilder,setShipping,"('IP',)"
com/google/android/gms/analytics/HitBuilders.TransactionBuilder,setTransactionId,"('Transaction',)"
com/google/android/gms/analytics/ecommerce/Product,setId,"('id',)"
com/google/android/gms/analytics/ecommerce/Product,setName,"('name',)"
com/google/android/gms/analytics/ecommerce/Product,setPrice,"('Price',)"
com/google/android/gms/analytics/ecommerce/ProductAction,setProductActionList,"('Product',)"
com/google/android/gms/analytics/ecommerce/ProductAction,setProductListSource,"('Product',)"
com/google/android/gms/analytics/ecommerce/ProductAction,setTransactionAffiliation,"('Transaction',)"
com/google/android/gms/analytics/ecommerce/ProductAction,setTransactionCouponCode,"('Transaction',)"
com/google/android/gms/analytics/ecommerce/ProductAction,setTransactionId,"('Transaction',)"
com/google/android/gms/analytics/ecommerce/ProductAction,setTransactionRevenue,"('Transaction',)"
com/google/android/gms/analytics/ecommerce/ProductAction,setTransactionShipping,"('IP',)"
com/google/android/gms/analytics/ecommerce/ProductAction,setTransactionTax,"('Transaction',)"
com/google/android/gms/analytics/ecommerce/Promotion,setId,"('id',)"
com/google/android/gms/analytics/ecommerce/Promotion,setName,"('name',)"
com/google/android/gms/analytics/StandardExceptionParser,getDescription,"('IP',)"
com/google/android/gms/analytics/StandardExceptionParser,getBestStackTraceElement,"('Race',)"
com/google/android/gms/analytics/Tracker,enableAdvertisingIdCollection,"('AD', 'ID')"
com/google/android/gms/analytics/Tracker,setAppId,"('id',)"
com/google/android/gms/analytics/Tracker,setAppInstallerId,"('id',)"
com/google/android/gms/analytics/Tracker,setAppName,"('name',)"
com/google/android/gms/analytics/Tracker,setScreenName,"('name',)"
com/google/android/gms/appindexing/Action.Builder,setName,"('name',)"
com/google/firebase/appindexing/builders/AlarmBuilder,setIdentifier,"('id',)"
com/google/android/gms/appindexing/AndroidAppUri,getPackageName,"('name',)"
com/google/android/gms/appindexing/AndroidAppUri,newAndroidAppUri,"('Android', 'ID')"
com/google/firebase/appindexing/builders/ConversationBuilder,setId,"('id',)"
com/google/firebase/appindexing/builders/IndexableBuilder,setDescription,"('IP',)"
com/google/firebase/appindexing/builders/IndexableBuilder,setName,"('name',)"
com/google/firebase/appindexing/builders/Indexables,postalAddressBuilder,"('Address',)"
com/google/firebase/appindexing/builders/LocalBusinessBuilder,setAddress,"('Address',)"
com/google/firebase/appindexing/builders/LocalBusinessBuilder,setPriceRange,"('Price',)"
com/google/firebase/appindexing/builders/MessageBuilder,setRecipient,"('IP',)"
com/google/firebase/appindexing/builders/PhotographBuilder,setLocationCreated,"('Location',)"
com/google/firebase/appindexing/builders/PostalAddressBuilder,setAddressCountry,"('Address',)"
com/google/firebase/appindexing/builders/PostalAddressBuilder,setAddressLocality,"('Address',)"
com/google/firebase/appindexing/builders/PostalAddressBuilder,setStreetAddress,"('Address',)"
com/google/android/gms/appindexing/Thing.Builder,setDescription,"('IP',)"
com/google/android/gms/appindexing/Thing.Builder,setId,"('id',)"
com/google/android/gms/appindexing/Thing.Builder,setName,"('name',)"
com/google/firebase/appindexing/builders/TimerBuilder,setIdentifier,"('id',)"
com/google/firebase/appindexing/builders/VideoObjectBuilder,setLocationCreated,"('Location',)"
com/google/firebase/appindexing/builders/VideoObjectBuilder,setSeriesName,"('name',)"
com/google/android/gms/auth/AccountChangeEvent,getAccountName,"('name',)"
com/google/android/gms/auth/AccountChangeEventsRequest,getAccount,"('Account',)"
com/google/android/gms/auth/AccountChangeEventsRequest,getAccountName,"('name',)"
com/google/android/gms/auth/AccountChangeEventsRequest,setAccount,"('Account',)"
com/google/android/gms/auth/api/accounttransfer/AccountTransfer,getAccountTransferClient,"('Account',)"
com/google/android/gms/auth/GoogleAuthUtil,getAccountChangeEvents,"('Account',)"
com/google/android/gms/auth/GoogleAuthUtil,getAccountId,"('Account',)"
com/google/android/gms/auth/GoogleAuthUtil,invalidateToken,"('id',)"
com/google/android/gms/auth/GoogleAuthUtil,removeAccount,"('Account',)"
com/google/android/gms/auth/GoogleAuthUtil,requestGoogleAccountsAccess,"('Account',)"
com/google/android/gms/auth/GooglePlayServicesAvailabilityException,getConnectionStatusCode,"('Connection',)"
com/google/android/gms/auth/account/WorkAccount,WorkAccountAp,"('Account',)"
com/google/android/gms/auth/account/WorkAccountApi,addWorkAccount,"('Account',)"
com/google/android/gms/auth/account/WorkAccountApi,removeWorkAccount,"('Account',)"
com/google/android/gms/auth/account/WorkAccountApi.AddAccountResult,getAccount,"('Account',)"
com/google/android/gms/auth/account/WorkAccountClient,addWorkAccount,"('Account',)"
com/google/android/gms/auth/account/WorkAccountClient,removeWorkAccount,"('Account',)"
com/google/android/gms/auth/api/identity/BeginSignInRequest,getGoogleIdTokenRequestOptions,"('id',)"
com/google/android/gms/auth/api/identity/BeginSignInRequest,getPasswordRequestOptions,"('Password',)"
com/google/android/gms/auth/api/identity/BeginSignInRequest.Builder,setGoogleIdTokenRequestOptions,"('id',)"
com/google/android/gms/auth/api/identity/BeginSignInRequest.Builder,setPasswordRequestOptions,"('Password',)"
com/google/android/gms/auth/api/identity/BeginSignInRequest.GoogleIdTokenRequestOptions.Builder,setFilterByAuthorizedAccounts,"('Account',)"
com/google/android/gms/auth/api/identity/BeginSignInRequest.GoogleIdTokenRequestOptions.Builder,setServerClientId,"('id',)"
com/google/android/gms/auth/api/identity/BeginSignInRequest.GoogleIdTokenRequestOptions,filterByAuthorizedAccounts,"('Account',)"
com/google/android/gms/auth/api/identity/BeginSignInRequest.GoogleIdTokenRequestOptions,getIdTokenDepositionScopes,"('id',)"
com/google/android/gms/auth/api/identity/BeginSignInRequest.GoogleIdTokenRequestOptions,getServerClientId,"('id',)"
com/google/android/gms/auth/api/credentials/Credential,getAccountType,"('Account',)"
com/google/android/gms/auth/api/credentials/Credential,getFamilyName,"('name',)"
com/google/android/gms/auth/api/credentials/Credential,getGivenName,"('name',)"
com/google/android/gms/auth/api/credentials/Credential,getId,"('id',)"
com/google/android/gms/auth/api/credentials/Credential,getIdTokens,"('id',)"
com/google/android/gms/auth/api/credentials/Credential,getName,"('name',)"
com/google/android/gms/auth/api/credentials/Credential,getPassword,"('Password',)"
com/google/android/gms/auth/api/credentials/Credential.Builder,setAccountType,"('Account',)"
com/google/android/gms/auth/api/credentials/Credential.Builder,setName,"('name',)"
com/google/android/gms/auth/api/credentials/Credential.Builder,setPassword,"('Password',)"
com/google/android/gms/auth/api/credentials/CredentialPickerConfig,isForNewAccount,"('Account',)"
com/google/android/gms/auth/api/credentials/CredentialPickerConfig,shouldShowAddAccountButton,"('Account',)"
com/google/android/gms/auth/api/credentials/CredentialPickerConfig.Builder,setForNewAccount,"('Account',)"
com/google/android/gms/auth/api/credentials/CredentialPickerConfig.Builder,setShowAddAccountButton,"('Account',)"
com/google/android/gms/auth/api/credentials/CredentialRequest,getAccountTypes,"('Account',)"
com/google/android/gms/auth/api/credentials/CredentialRequest,getIdTokenNonce,"('id',)"
com/google/android/gms/auth/api/credentials/CredentialRequest,getServerClientId,"('id',)"
com/google/android/gms/auth/api/credentials/CredentialRequest,getSupportsPasswordLogin,"('Password',)"
com/google/android/gms/auth/api/credentials/CredentialRequest,isIdTokenRequested,"('id',)"
com/google/android/gms/auth/api/credentials/CredentialRequest,isPasswordLoginSupported,"('Password',)"
com/google/android/gms/auth/api/credentials/CredentialRequest.Builder,setAccountTypes,"('Account',)"
com/google/android/gms/auth/api/credentials/CredentialRequest.Builder,setIdTokenNonce,"('id',)"
com/google/android/gms/auth/api/credentials/CredentialRequest.Builder,setIdTokenRequested,"('id',)"
com/google/android/gms/auth/api/credentials/CredentialRequest.Builder,setPasswordLoginSupported,"('Password',)"
com/google/android/gms/auth/api/credentials/CredentialRequest.Builder,setServerClientId,"('id',)"
com/google/android/gms/auth/api/credentials/CredentialRequest.Builder,setSupportsPasswordLogin,"('Password',)"
com/google/android/gms/auth/api/signin/GoogleSignIn,getAccountForExtension,"('Account',)"
com/google/android/gms/auth/api/signin/GoogleSignIn,getAccountForScopes,"('Account',)"
com/google/android/gms/auth/api/signin/GoogleSignIn,getLastSignedInAccount,"('Account',)"
com/google/android/gms/auth/api/signin/GoogleSignIn,getSignedInAccountFromIntent,"('Account',)"
com/google/android/gms/auth/api/signin/GoogleSignInResult,getSignInAccount,"('Account',)"
com/google/android/gms/auth/api/credentials/HintRequest,getAccountTypes,"('Account',)"
com/google/android/gms/auth/api/credentials/HintRequest,getIdTokenNonce,"('id',)"
com/google/android/gms/auth/api/credentials/HintRequest,getServerClientId,"('id',)"
com/google/android/gms/auth/api/credentials/HintRequest,isEmailAddressIdentifierSupported,"('AD', 'ID')"
com/google/android/gms/auth/api/credentials/HintRequest,isIdTokenRequested,"('id',)"
com/google/android/gms/auth/api/credentials/HintRequest.Builder,setAccountTypes,"('Account',)"
com/google/android/gms/auth/api/credentials/HintRequest.Builder,setEmailAddressIdentifierSupported,"('AD', 'ID')"
com/google/android/gms/auth/api/credentials/HintRequest.Builder,setIdTokenNonce,"('id',)"
com/google/android/gms/auth/api/credentials/HintRequest.Builder,setIdTokenRequested,"('id',)"
com/google/android/gms/auth/api/credentials/HintRequest.Builder,setPhoneNumberIdentifierSupported,"('Phone', 'Number')"
com/google/android/gms/auth/api/credentials/HintRequest.Builder,setServerClientId,"('id',)"
com/google/android/gms/auth/api/credentials/IdentityProviders,getIdentityProviderForAccount,"('Account',)"
com/google/android/gms/auth/api/credentials/IdToken,getAccountType,"('Account',)"
com/google/android/gms/auth/api/credentials/IdToken,getIdToken,"('id',)"
com/google/android/gms/auth/api/identity/SignInCredential,getDisplayName,"('name',)"
com/google/android/gms/auth/api/identity/SignInCredential,getFamilyName,"('name',)"
com/google/android/gms/auth/api/identity/SignInCredential,getGivenName,"('name',)"
com/google/android/gms/auth/api/identity/SignInCredential,getGoogleIdToken,"('id',)"
com/google/android/gms/auth/api/identity/SignInCredential,getId,"('id',)"
com/google/android/gms/auth/api/identity/SignInCredential,getPassword,"('Password',)"
com/google/android/gms/awareness/state/BeaconState.BeaconInfo,getNamespace,"('name',)"
com/google/android/gms/awareness/snapshot/LocationResponse,getLocation,"('Location',)"
com/google/android/gms/awareness/snapshot/LocationResult,getLocation,"('Location',)"
com/google/android/gms/awareness/SnapshotApi,getLocation,"('Location',)"
com/google/android/gms/awareness/SnapshotApi,getTimeIntervals,"('IMEI',)"
com/google/android/gms/awareness/SnapshotClient,getLocation,"('Location',)"
com/google/android/gms/awareness/SnapshotClient,getTimeIntervals,"('IMEI',)"
com/google/android/gms/awareness/fence/TimeFence,aroundTimeInstant,"('IMEI',)"
com/google/android/gms/awareness/fence/TimeFence,inFridayInterval,"('id',)"
com/google/android/gms/awareness/fence/TimeFence,inTimeInterval,"('IMEI',)"
com/google/android/gms/awareness/state/TimeIntervals,getTimeIntervals,"('IMEI',)"
com/google/android/gms/awareness/state/TimeIntervals,hasTimeInterval,"('IMEI',)"
com/google/android/gms/awareness/snapshot/TimeIntervalsResponse,getTimeIntervals,"('IMEI',)"
com/google/android/gms/awareness/snapshot/TimeIntervalsResult,getTimeIntervals,"('IMEI',)"
com/google/android/gms/common/api/Api.ApiOptions.HasAccountOptions,getAccount,"('Account',)"
com/google/android/gms/common/api/Api.ApiOptions.HasGoogleSignInAccountOptions,getGoogleSignInAccount,"('Account',)"
com/google/android/gms/common/api/AvailabilityException,getConnectionResult,"('Connection',)"
com/google/android/gms/common/data/Freezable,isDataValid,"('id',)"
com/google/android/gms/common/GoogleApiAvailability,setDefaultNotificationChannelId,"('id',)"
com/google/android/gms/common/api/GoogleApiClient,clearDefaultAccountAndReconnect,"('Account',)"
com/google/android/gms/common/api/GoogleApiClient,getConnectionResult,"('Connection',)"
com/google/android/gms/common/api/GoogleApiClient,isConnectionCallbacksRegistered,"('Connection',)"
com/google/android/gms/common/api/GoogleApiClient,isConnectionFailedListenerRegistered,"('Connection',)"
com/google/android/gms/common/api/GoogleApiClient,registerConnectionCallbacks,"('Connection',)"
com/google/android/gms/common/api/GoogleApiClient,registerConnectionFailedListener,"('Connection',)"
com/google/android/gms/common/api/GoogleApiClient,unregisterConnectionCallbacks,"('Connection',)"
com/google/android/gms/common/api/GoogleApiClient,unregisterConnectionFailedListener,"('Connection',)"
com/google/android/gms/common/api/GoogleApiClient.Builder,addConnectionCallbacks,"('Connection',)"
com/google/android/gms/common/api/GoogleApiClient.Builder,addOnConnectionFailedListener,"('Connection',)"
com/google/android/gms/common/api/GoogleApiClient.Builder,setAccountName,"('name',)"
com/google/android/gms/common/api/GoogleApiClient.Builder,useDefaultAccount,"('Account',)"
com/google/android/gms/auth/api/signin/GoogleSignInAccount,getAccount,"('Account',)"
com/google/android/gms/auth/api/signin/GoogleSignInAccount,getDisplayName,"('name',)"
com/google/android/gms/auth/api/signin/GoogleSignInAccount,getFamilyName,"('name',)"
com/google/android/gms/auth/api/signin/GoogleSignInAccount,getGivenName,"('name',)"
com/google/android/gms/auth/api/signin/GoogleSignInAccount,getId,"('id',)"
com/google/android/gms/auth/api/signin/GoogleSignInAccount,getIdToken,"('id',)"
com/google/android/gms/auth/api/signin/GoogleSignInOptions.Builder,requestId,"('id',)"
com/google/android/gms/auth/api/signin/GoogleSignInOptions.Builder,setAccountName,"('name',)"
com/google/android/gms/common/SignInButton,onClick,"('Click',)"
com/google/android/gms/common/SignInButton,setOnClickListener,"('Click',)"
com/google/android/gms/common/images/Size,getHeight,"('Height',)"
com/google/android/gms/common/images/Size,getWidth,"('id',)"
com/google/android/gms/common/images/WebImage,getHeight,"('Height',)"
com/google/android/gms/common/images/WebImage,getWidth,"('id',)"
com/google/android/gms/common/AccountPicker,newChooseAccountIntent,"('Account',)"
com/google/android/gms/common/AccountPicker.AccountChooserOptions.Builder,setAllowableAccounts,"('Account',)"
com/google/android/gms/common/AccountPicker.AccountChooserOptions.Builder,setAlwaysShowAccountPicker,"('Account',)"
com/google/android/gms/common/AccountPicker.AccountChooserOptions.Builder,setOptionsForAddingAccount,"('Account',)"
com/google/android/gms/common/AccountPicker.AccountChooserOptions.Builder,setSelectedAccount,"('Account',)"
com/google/android/gms/common/AccountPicker.AccountChooserOptions.Builder,setTitleOverrideText,"('id',)"
com/google/android/gms/common/api/AvailabilityException,getConnectionResult,"('Connection',)"
com/google/android/gms/common/GooglePlayServicesRepairableException,getConnectionStatusCode,"('Connection',)"
com/google/android/gms/security/ProviderInstaller.ProviderInstallListener,onProviderInstallFailed,"('id',)"
com/google/android/gms/security/ProviderInstaller.ProviderInstallListener,onProviderInstalled,"('id',)"
com/google/android/gms/cast/AdBreakClipInfo,getClickThroughUrl,"('Click',)"
com/google/android/gms/cast/AdBreakClipInfo,getContentId,"('id',)"
com/google/android/gms/cast/AdBreakClipInfo,getId,"('id',)"
com/google/android/gms/cast/AdBreakClipInfo,getWhenSkippableInMs,"('IP',)"
com/google/android/gms/cast/AdBreakClipInfo.Builder,setClickThroughUrl,"('Click',)"
com/google/android/gms/cast/AdBreakClipInfo.Builder,setContentId,"('id',)"
com/google/android/gms/cast/AdBreakClipInfo.Builder,setWhenSkippableInMs,"('IP',)"
com/google/android/gms/cast/AdBreakInfo,getBreakClipIds,"('IP',)"
com/google/android/gms/cast/AdBreakInfo,getId,"('id',)"
com/google/android/gms/cast/AdBreakInfo.Builder,setBreakClipIds,"('IP',)"
com/google/android/gms/cast/AdBreakInfo.Builder,setId,"('id',)"
com/google/android/gms/cast/AdBreakStatus,getBreakClipId,"('IP',)"
com/google/android/gms/cast/AdBreakStatus,getBreakId,"('id',)"
com/google/android/gms/cast/AdBreakStatus,getCurrentBreakClipTimeInMs,"('IP',)"
com/google/android/gms/cast/AdBreakStatus,getCurrentBreakTimeInMs,"('IMEI',)"
com/google/android/gms/cast/AdBreakStatus,getWhenSkippableInMs,"('IP',)"
com/google/android/gms/cast/AdBreakStatus.Builder,setBreakClipId,"('IP',)"
com/google/android/gms/cast/AdBreakStatus.Builder,setBreakId,"('id',)"
com/google/android/gms/cast/AdBreakStatus.Builder,setCurrentBreakClipTimeInMs,"('IP',)"
com/google/android/gms/cast/AdBreakStatus.Builder,setCurrentBreakTimeInMs,"('IMEI',)"
com/google/android/gms/cast/AdBreakStatus.Builder,setWhenSkippableInMs,"('IP',)"
com/google/android/gms/cast/ApplicationMetadata,areNamespacesSupported,"('name',)"
com/google/android/gms/cast/ApplicationMetadata,getApplicationId,"('id',)"
com/google/android/gms/cast/ApplicationMetadata,getName,"('name',)"
com/google/android/gms/cast/ApplicationMetadata,getSenderAppIdentifier,"('id',)"
com/google/android/gms/cast/ApplicationMetadata,getSupportedNamespaces,"('name',)"
com/google/android/gms/cast/ApplicationMetadata,isNamespaceSupported,"('name',)"
com/google/android/gms/cast/Cast.ApplicationConnectionResult,getSessionId,"('id',)"
com/google/android/gms/cast/CastDevice,getDeviceId,"('Device', 'ID')"
com/google/android/gms/cast/CastDevice,getFriendlyName,"('name',)"
com/google/android/gms/cast/CastDevice,getInetAddress,"('Address',)"
com/google/android/gms/cast/CastDevice,getIpAddress,"('IP',)"
com/google/android/gms/cast/CastDevice,getModelName,"('name',)"
com/google/android/gms/cast/CastDevice,hasIPv4Address,"('IP',)"
com/google/android/gms/cast/CastDevice,hasIPv6Address,"('IP',)"
com/google/android/gms/cast/games/GameManagerClient,getLastUsedPlayerId,"('id',)"
com/google/android/gms/cast/games/GameManagerClient,sendPlayerIdleRequest,"('id',)"
com/google/android/gms/cast/games/GameManagerClient.GameManagerResult,getPlayerId,"('id',)"
com/google/android/gms/cast/games/GameManagerClient.GameManagerResult,getRequestId,"('id',)"
com/google/android/gms/cast/games/GameManagerState,getApplicationName,"('name',)"
com/google/android/gms/cast/LaunchOptions,getAndroidReceiverCompatible,"('Android', 'ID')"
com/google/android/gms/cast/LaunchOptions.Builder,setAndroidReceiverCompatible,"('Android', 'ID')"
com/google/android/gms/cast/MediaInfo,getAdBreakClips,"('IP',)"
com/google/android/gms/cast/MediaInfo,getContentId,"('id',)"
com/google/android/gms/cast/MediaInfo.Builder,setAdBreakClips,"('IP',)"
com/google/android/gms/cast/MediaLoadOptions,getActiveTrackIds,"('id',)"
com/google/android/gms/cast/MediaLoadOptions.Builder,setActiveTrackIds,"('id',)"
com/google/android/gms/cast/MediaLoadRequestData,getActiveTrackIds,"('id',)"
com/google/android/gms/cast/MediaLoadRequestData.Builder,setActiveTrackIds,"('id',)"
com/google/android/gms/cast/MediaQueueData,getName,"('name',)"
com/google/android/gms/cast/MediaQueueData,getQueueId,"('id',)"
com/google/android/gms/cast/MediaQueueData.Builder,setName,"('name',)"
com/google/android/gms/cast/MediaQueueData.Builder,setQueueId,"('id',)"
com/google/android/gms/cast/MediaQueueItem,getActiveTrackIds,"('id',)"
com/google/android/gms/cast/MediaQueueItem,getItemId,"('id',)"
com/google/android/gms/cast/MediaQueueItem.Builder,clearItemId,"('id',)"
com/google/android/gms/cast/MediaQueueItem.Builder,setActiveTrackIds,"('id',)"
com/google/android/gms/cast/MediaQueueItem.Builder,setItemId,"('id',)"
com/google/android/gms/cast/MediaStatus,getActiveTrackIds,"('id',)"
com/google/android/gms/cast/MediaStatus,getCurrentAdBreakClip,"('IP',)"
com/google/android/gms/cast/MediaStatus,getCurrentItemId,"('id',)"
com/google/android/gms/cast/MediaStatus,getIdleReason,"('id',)"
com/google/android/gms/cast/MediaStatus,getIndexById,"('id',)"
com/google/android/gms/cast/MediaStatus,getItemById,"('id',)"
com/google/android/gms/cast/MediaStatus,getLoadingItemId,"('AD', 'ID')"
com/google/android/gms/cast/MediaStatus,getPreloadedItemId,"('AD', 'ID')"
com/google/android/gms/cast/MediaStatus,getQueueItemById,"('id',)"
com/google/android/gms/cast/MediaStatus,getVideoInfo,"('id',)"
com/google/android/gms/cast/MediaTrack,getContentId,"('id',)"
com/google/android/gms/cast/MediaTrack,getId,"('id',)"
com/google/android/gms/cast/MediaTrack,getName,"('name',)"
com/google/android/gms/cast/MediaTrack,setContentId,"('id',)"
com/google/android/gms/cast/MediaTrack.Builder,setContentId,"('id',)"
com/google/android/gms/cast/MediaTrack.Builder,setName,"('name',)"
com/google/android/gms/cast/games/PlayerInfo,getPlayerId,"('id',)"
com/google/android/gms/cast/RemoteMediaPlayer,NAMESPAC,"('name',)"
com/google/android/gms/cast/RemoteMediaPlayer,getNamespace,"('name',)"
com/google/android/gms/cast/VideoInfo,getHeight,"('Height',)"
com/google/android/gms/cast/VideoInfo,getWidth,"('id',)"
com/google/android/gms/cast/VideoInfo.Builder,setHeight,"('Height',)"
com/google/android/gms/cast/VideoInfo.Builder,setWidth,"('id',)"
com/google/android/gms/cast/tv/CastReceiverOptions,getCustomNamespaces,"('name',)"
com/google/android/gms/cast/tv/CastReceiverOptions.Builder,setCustomNamespaces,"('name',)"
com/google/android/gms/cast/tv/media/EditTracksInfoData,getActiveTrackIds,"('id',)"
com/google/android/gms/cast/tv/media/FetchItemsRequestData,getItemId,"('id',)"
com/google/android/gms/cast/tv/media/MediaCommandCallback,onFetchItems,"('Hit',)"
com/google/android/gms/cast/tv/media/MediaCommandCallback,onSkipAd,"('IP',)"
com/google/android/gms/cast/tv/media/MediaInfoModifier,getAdBreakClips,"('IP',)"
com/google/android/gms/cast/tv/media/MediaInfoModifier,getContentId,"('id',)"
com/google/android/gms/cast/tv/media/MediaInfoModifier,setAdBreakClips,"('IP',)"
com/google/android/gms/cast/tv/media/MediaInfoModifier,setContentId,"('id',)"
com/google/android/gms/cast/tv/media/MediaInfoWriter,setAdBreakClips,"('IP',)"
com/google/android/gms/cast/tv/media/MediaInfoWriter,setContentId,"('id',)"
com/google/android/gms/cast/tv/media/MediaMetadataModifier,hasOverrideForKey,"('id',)"
com/google/android/gms/cast/tv/media/MediaMetadataModifier,removeOverride,"('id',)"
com/google/android/gms/cast/tv/media/MediaQueueItemWriter,setActiveTrackIds,"('id',)"
com/google/android/gms/cast/tv/media/MediaQueueItemWriter,setItemId,"('id',)"
com/google/android/gms/cast/tv/media/MediaQueueManager,autoGenerateItemId,"('id',)"
com/google/android/gms/cast/tv/media/MediaQueueManager,getCurrentItemId,"('id',)"
com/google/android/gms/cast/tv/media/MediaQueueManager,setCurrentItemId,"('id',)"
com/google/android/gms/cast/tv/media/MediaStatusModifier,getIdleReason,"('id',)"
com/google/android/gms/cast/tv/media/MediaStatusModifier,getLoadingItemId,"('AD', 'ID')"
com/google/android/gms/cast/tv/media/MediaStatusModifier,getPreloadedItemId,"('AD', 'ID')"
com/google/android/gms/cast/tv/media/MediaStatusModifier,getSupportedMediaCommandOverride,"('id',)"
com/google/android/gms/cast/tv/media/MediaStatusModifier,getVideoInfo,"('id',)"
com/google/android/gms/cast/tv/media/MediaStatusModifier,setIdleReason,"('id',)"
com/google/android/gms/cast/tv/media/MediaStatusModifier,setLoadingItemId,"('AD', 'ID')"
com/google/android/gms/cast/tv/media/MediaStatusModifier,setPreloadedItemId,"('AD', 'ID')"
com/google/android/gms/cast/tv/media/MediaStatusModifier,setVideoInfo,"('id',)"
com/google/android/gms/cast/tv/media/MediaStatusWriter,setActiveTrackIds,"('id',)"
com/google/android/gms/cast/tv/media/MediaStatusWriter,setCurrentItemId,"('id',)"
com/google/android/gms/cast/tv/media/MediaStatusWriter,setIdleReason,"('id',)"
com/google/android/gms/cast/tv/media/MediaStatusWriter,setLoadingItemId,"('AD', 'ID')"
com/google/android/gms/cast/tv/media/MediaStatusWriter,setPreloadedItemId,"('AD', 'ID')"
com/google/android/gms/cast/tv/media/MediaStatusWriter,setVideoInfo,"('id',)"
com/google/android/gms/cast/tv/media/MediaTracksModifier,getActiveTrackIds,"('id',)"
com/google/android/gms/cast/tv/media/MediaTracksModifier,setActiveTrackIds,"('id',)"
com/google/android/gms/cast/tv/media/QueueInsertRequestData,getCurrentItemId,"('id',)"
com/google/android/gms/cast/tv/media/QueueRemoveRequestData,getCurrentItemId,"('id',)"
com/google/android/gms/cast/tv/media/QueueRemoveRequestData,getItemIds,"('id',)"
com/google/android/gms/cast/tv/media/QueueReorderRequestData,getCurrentItemId,"('id',)"
com/google/android/gms/cast/tv/media/QueueReorderRequestData,getItemIds,"('id',)"
com/google/android/gms/cast/tv/media/QueueUpdateRequestData,getCurrentItemId,"('id',)"
com/google/android/gms/cast/tv/SenderInfo,getSenderId,"('id',)"
com/google/android/gms/net/CronetProviderInstaller,installProvider,"('id',)"
com/google/android/gms/drive/events/ChangeEvent,getDriveId,"('id',)"
com/google/android/gms/drive/events/CompletionEvent,getAccountName,"('name',)"
com/google/android/gms/drive/events/CompletionEvent,getDriveId,"('id',)"
com/google/android/gms/drive/Drive,DrivePreferencesAp,"('Preference',)"
com/google/android/gms/drive/DriveApi,fetchDriveId,"('id',)"
com/google/android/gms/drive/DriveApi.DriveIdResult,getDriveId,"('id',)"
com/google/android/gms/drive/DriveClient,getDriveId,"('id',)"
com/google/android/gms/drive/DriveClient,getUploadPreferences,"('Preference',)"
com/google/android/gms/drive/DriveClient,setUploadPreferences,"('Preference',)"
com/google/android/gms/drive/DriveContents,getDriveId,"('id',)"
com/google/android/gms/drive/DriveContents,getParcelFileDescriptor,"('IP',)"
com/google/android/gms/drive/events/DriveEventService,getCallingUid,"('id',)"
com/google/android/gms/drive/DriveId,getResourceId,"('id',)"
com/google/android/gms/drive/DrivePreferencesApi,getFileUploadPreferences,"('Preference',)"
com/google/android/gms/drive/DrivePreferencesApi,setFileUploadPreferences,"('Preference',)"
com/google/android/gms/drive/DrivePreferencesApi.FileUploadPreferencesResult,getFileUploadPreferences,"('Preference',)"
com/google/android/gms/drive/DriveResource,addChangeSubscription,"('IP',)"
com/google/android/gms/drive/DriveResource,getDriveId,"('id',)"
com/google/android/gms/drive/DriveResource,removeChangeSubscription,"('IP',)"
com/google/android/gms/drive/DriveResourceClient,addChangeSubscription,"('IP',)"
com/google/android/gms/drive/DriveResourceClient,removeChangeSubscription,"('IP',)"
com/google/android/gms/drive/FileUploadPreferences,getBatteryUsagePreference,"('Preference',)"
com/google/android/gms/drive/FileUploadPreferences,getNetworkTypePreference,"('Preference',)"
com/google/android/gms/drive/FileUploadPreferences,setBatteryUsagePreference,"('Preference',)"
com/google/android/gms/drive/FileUploadPreferences,setNetworkTypePreference,"('Preference',)"
com/google/android/gms/drive/query/Filters,sharedWithMe,"('Share',)"
com/google/android/gms/drive/Metadata,getDescription,"('IP',)"
com/google/android/gms/drive/Metadata,getDriveId,"('id',)"
com/google/android/gms/drive/Metadata,getOriginalFilename,"('name',)"
com/google/android/gms/drive/Metadata,getSharedWithMeDate,"('Share',)"
com/google/android/gms/drive/Metadata,isShared,"('Share',)"
com/google/android/gms/drive/MetadataChangeSet,getDescription,"('IP',)"
com/google/android/gms/drive/MetadataChangeSet.Builder,setDescription,"('IP',)"
com/google/android/gms/drive/events/ResourceEvent,getDriveId,"('id',)"
com/google/android/gms/drive/query/SortableField,SHARED_WITH_ME_DAT,"('Share',)"
com/google/android/gms/drive/TransferPreferences,getBatteryUsagePreference,"('Preference',)"
com/google/android/gms/drive/TransferPreferences,getNetworkPreference,"('Preference',)"
com/google/android/gms/drive/TransferPreferencesBuilder,DEFAULT_PREFERENCE,"('Preference',)"
com/google/android/gms/drive/TransferPreferencesBuilder,setBatteryUsagePreference,"('Preference',)"
com/google/android/gms/drive/TransferPreferencesBuilder,setNetworkPreference,"('Preference',)"
com/google/android/gms/fido/fido2/api/common/AuthenticationExtensions,getFidoAppIdExtension,"('id',)"
com/google/android/gms/fido/fido2/api/common/AuthenticationExtensions.Builder,setFido2Extension,"('id',)"
com/google/android/gms/fido/fido2/api/common/AuthenticatorSelectionCriteria,getRequireResidentKey,"('Resident',)"
com/google/android/gms/fido/fido2/api/common/BrowserPublicKeyCredentialCreationOptions,getRequestId,"('id',)"
com/google/android/gms/fido/fido2/api/common/BrowserPublicKeyCredentialRequestOptions,getRequestId,"('id',)"
com/google/android/gms/fido/u2f/api/common/ChannelIdValue,toChannelIdValueType,"('id',)"
com/google/android/gms/fido/u2f/api/common/ClientData.Builder,setChannelId,"('id',)"
com/google/android/gms/fido/Fido,getFido2ApiClient,"('id',)"
com/google/android/gms/fido/Fido,getFido2PrivilegedApiClient,"('id',)"
com/google/android/gms/fido/fido2/api/common/FidoAppIdExtension,getAppId,"('id',)"
com/google/android/gms/fido/fido2/api/common/PublicKeyCredential,getId,"('id',)"
com/google/android/gms/fido/fido2/api/common/PublicKeyCredential,getRawId,"('id',)"
com/google/android/gms/fido/fido2/api/common/PublicKeyCredential.Builder,setId,"('id',)"
com/google/android/gms/fido/fido2/api/common/PublicKeyCredential.Builder,setRawId,"('id',)"
com/google/android/gms/fido/fido2/api/common/PublicKeyCredentialCreationOptions,getAttestationConveyancePreference,"('Preference',)"
com/google/android/gms/fido/fido2/api/common/PublicKeyCredentialCreationOptions,getAttestationConveyancePreferenceAsString,"('Preference',)"
com/google/android/gms/fido/fido2/api/common/PublicKeyCredentialCreationOptions,getRequestId,"('id',)"
com/google/android/gms/fido/fido2/api/common/PublicKeyCredentialCreationOptions.Builder,setAttestationConveyancePreference,"('Preference',)"
com/google/android/gms/fido/fido2/api/common/PublicKeyCredentialCreationOptions.Builder,setRequestId,"('id',)"
com/google/android/gms/fido/fido2/api/common/PublicKeyCredentialDescriptor,getId,"('id',)"
com/google/android/gms/fido/fido2/api/common/PublicKeyCredentialRequestOptions,getRequestId,"('id',)"
com/google/android/gms/fido/fido2/api/common/PublicKeyCredentialRequestOptions,getRpId,"('id',)"
com/google/android/gms/fido/fido2/api/common/PublicKeyCredentialRequestOptions.Builder,setRequestId,"('id',)"
com/google/android/gms/fido/fido2/api/common/PublicKeyCredentialRequestOptions.Builder,setRpId,"('id',)"
com/google/android/gms/fido/fido2/api/common/PublicKeyCredentialRpEntity,getId,"('id',)"
com/google/android/gms/fido/fido2/api/common/PublicKeyCredentialRpEntity,getName,"('name',)"
com/google/android/gms/fido/fido2/api/common/PublicKeyCredentialUserEntity,getDisplayName,"('name',)"
com/google/android/gms/fido/fido2/api/common/PublicKeyCredentialUserEntity,getId,"('id',)"
com/google/android/gms/fido/fido2/api/common/PublicKeyCredentialUserEntity,getName,"('name',)"
com/google/android/gms/fido/u2f/api/common/RegisteredKey,getAppId,"('id',)"
com/google/android/gms/fido/u2f/api/common/RegisterRequest,getAppId,"('id',)"
com/google/android/gms/fido/u2f/api/common/RegisterRequestParams,getAllAppIds,"('id',)"
com/google/android/gms/fido/u2f/api/common/RegisterRequestParams,getAppId,"('id',)"
com/google/android/gms/fido/u2f/api/common/RegisterRequestParams,getChannelIdValue,"('id',)"
com/google/android/gms/fido/u2f/api/common/RegisterRequestParams,getRequestId,"('id',)"
com/google/android/gms/fido/u2f/api/common/RegisterRequestParams.Builder,setAppId,"('id',)"
com/google/android/gms/fido/u2f/api/common/RegisterRequestParams.Builder,setChannelIdValue,"('id',)"
com/google/android/gms/fido/u2f/api/common/RegisterRequestParams.Builder,setRequestId,"('id',)"
com/google/android/gms/fido/fido2/api/common/RequestOptions,getRequestId,"('id',)"
com/google/android/gms/fido/u2f/api/common/RequestParams,getAllAppIds,"('id',)"
com/google/android/gms/fido/u2f/api/common/RequestParams,getAppId,"('id',)"
com/google/android/gms/fido/u2f/api/common/RequestParams,getChannelIdValue,"('id',)"
com/google/android/gms/fido/u2f/api/common/RequestParams,getRequestId,"('id',)"
com/google/android/gms/fido/u2f/api/common/SignRequestParams,getAllAppIds,"('id',)"
com/google/android/gms/fido/u2f/api/common/SignRequestParams,getAppId,"('id',)"
com/google/android/gms/fido/u2f/api/common/SignRequestParams,getChannelIdValue,"('id',)"
com/google/android/gms/fido/u2f/api/common/SignRequestParams,getRequestId,"('id',)"
com/google/android/gms/fido/u2f/api/common/SignRequestParams.Builder,setAppId,"('id',)"
com/google/android/gms/fido/u2f/api/common/SignRequestParams.Builder,setChannelIdValue,"('id',)"
com/google/android/gms/fido/u2f/api/common/SignRequestParams.Builder,setRequestId,"('id',)"
com/google/android/gms/fido/fido2/api/common/TokenBinding,getTokenBindingId,"('id',)"
com/google/android/gms/fitness/request/DataDeleteRequest.Builder,setTimeInterval,"('IMEI',)"
com/google/android/gms/fitness/data/DataPoint,setTimeInterval,"('IMEI',)"
com/google/android/gms/fitness/data/DataPoint.Builder,setTimeInterval,"('IMEI',)"
com/google/android/gms/fitness/data/DataSource,getAppPackageName,"('name',)"
com/google/android/gms/fitness/data/DataSource,getName,"('name',)"
com/google/android/gms/fitness/data/DataSource,getStreamIdentifier,"('id',)"
com/google/android/gms/fitness/data/DataSource,getStreamName,"('name',)"
com/google/android/gms/fitness/data/DataSource.Builder,setAppPackageName,"('name',)"
com/google/android/gms/fitness/data/DataSource.Builder,setName,"('name',)"
com/google/android/gms/fitness/data/DataSource.Builder,setStreamName,"('name',)"
com/google/android/gms/fitness/data/DataType,AGGREGATE_BODY_FAT_PERCENTAGE_SUMMAR,"('Body', 'Fat')"
com/google/android/gms/fitness/data/DataType,AGGREGATE_CALORIES_EXPENDE,"('Calorie',)"
com/google/android/gms/fitness/data/DataType,AGGREGATE_HEART_RATE_SUMMAR,"('Heart', 'Rate')"
com/google/android/gms/fitness/data/DataType,AGGREGATE_HEIGHT_SUMMAR,"('Height',)"
com/google/android/gms/fitness/data/DataType,AGGREGATE_LOCATION_BOUNDING_BO,"('Location',)"
com/google/android/gms/fitness/data/DataType,AGGREGATE_NUTRITION_SUMMAR,"('Nutrition',)"
com/google/android/gms/fitness/data/DataType,AGGREGATE_WEIGHT_SUMMAR,"('Weight',)"
com/google/android/gms/fitness/data/DataType,TYPE_BODY_FAT_PERCENTAG,"('Body', 'Fat')"
com/google/android/gms/fitness/data/DataType,TYPE_CALORIES_EXPENDE,"('Calorie',)"
com/google/android/gms/fitness/data/DataType,TYPE_HEART_RATE_BP,"('Heart', 'Rate')"
com/google/android/gms/fitness/data/DataType,TYPE_LOCATION_SAMPL,"('Location',)"
com/google/android/gms/fitness/data/DataType,TYPE_LOCATION_TRAC,"('Location',)"
com/google/android/gms/fitness/data/DataType,getName,"('name',)"
com/google/android/gms/fitness/request/DataTypeCreateRequest,getName,"('name',)"
com/google/android/gms/fitness/request/DataTypeCreateRequest.Builder,setName,"('name',)"
com/google/android/gms/fitness/request/DataUpdateRequest.Builder,setTimeInterval,"('IMEI',)"
com/google/android/gms/fitness/data/Device,getUid,"('id',)"
com/google/android/gms/fitness/data/Field,FIELD_ACTIVITY_CONFIDENC,"('id',)"
com/google/android/gms/fitness/data/Field,FIELD_CALORIE,"('Calorie',)"
com/google/android/gms/fitness/data/Field,FIELD_CONFIDENC,"('id',)"
com/google/android/gms/fitness/data/Field,getName,"('name',)"
com/google/android/gms/fitness/Fitness,SCOPE_LOCATION_REA,"('Location',)"
com/google/android/gms/fitness/Fitness,SCOPE_LOCATION_READ_WRIT,"('Location',)"
com/google/android/gms/fitness/Fitness,SCOPE_NUTRITION_REA,"('Nutrition',)"
com/google/android/gms/fitness/data/Goal,getActivityName,"('name',)"
com/google/android/gms/fitness/data/Goal.MetricObjective,getDataTypeName,"('name',)"
com/google/android/gms/fitness/request/GoalsReadRequest,getActivityNames,"('name',)"
com/google/android/gms/fitness/data/HealthDataTypes,AGGREGATE_BASAL_BODY_TEMPERATURE_SUMMAR,"('Body', 'Temperature')"
com/google/android/gms/fitness/data/HealthDataTypes,AGGREGATE_BODY_TEMPERATURE_SUMMAR,"('Body', 'Temperature')"
com/google/android/gms/fitness/data/HealthFields,FIELD_BODY_TEMPERATURE_MEASUREMENT_LOCATIO,"('Body', 'Temperature')"
com/google/android/gms/fitness/HistoryApi.ViewIntentBuilder,setTimeInterval,"('IMEI',)"
com/google/android/gms/fitness/result/ListSubscriptionsResult,getSubscriptions,"('IP',)"
com/google/android/gms/fitness/RecordingApi,listSubscriptions,"('IP',)"
com/google/android/gms/fitness/RecordingClient,listSubscriptions,"('IP',)"
com/google/android/gms/fitness/data/Session.Builder,setDescription,"('IP',)"
com/google/android/gms/fitness/data/Session.Builder,setIdentifier,"('id',)"
com/google/android/gms/fitness/data/Session.Builder,setName,"('name',)"
com/google/android/gms/fitness/data/Session,getAppPackageName,"('name',)"
com/google/android/gms/fitness/data/Session,getDescription,"('IP',)"
com/google/android/gms/fitness/data/Session,getIdentifier,"('id',)"
com/google/android/gms/fitness/data/Session,getName,"('name',)"
com/google/android/gms/fitness/request/SessionReadRequest,getSessionId,"('id',)"
com/google/android/gms/fitness/request/SessionReadRequest,getSessionName,"('name',)"
com/google/android/gms/fitness/request/SessionReadRequest.Builder,setSessionId,"('id',)"
com/google/android/gms/fitness/request/SessionReadRequest.Builder,setSessionName,"('name',)"
com/google/android/gms/fitness/request/SessionReadRequest.Builder,setTimeInterval,"('IMEI',)"
com/google/android/gms/games/achievement/Achievement,getAchievementId,"('id',)"
com/google/android/gms/games/achievement/Achievement,getDescription,"('IP',)"
com/google/android/gms/games/achievement/Achievement,getName,"('name',)"
com/google/android/gms/games/achievement/AchievementEntity,getAchievementId,"('id',)"
com/google/android/gms/games/achievement/AchievementEntity,getDescription,"('IP',)"
com/google/android/gms/games/achievement/AchievementEntity,getName,"('name',)"
com/google/android/gms/games/achievement/AchievementEntity,isDataValid,"('id',)"
com/google/android/gms/games/achievement/Achievements.UpdateAchievementResult,getAchievementId,"('id',)"
com/google/android/gms/games/CurrentPlayerInfo,getFriendsListVisibilityStatus,"('Friends', 'List')"
com/google/android/gms/games/event/Event,getDescription,"('IP',)"
com/google/android/gms/games/event/Event,getEventId,"('id',)"
com/google/android/gms/games/event/Event,getName,"('name',)"
com/google/android/gms/games/event/EventEntity,getDescription,"('IP',)"
com/google/android/gms/games/event/EventEntity,getEventId,"('id',)"
com/google/android/gms/games/event/EventEntity,getName,"('name',)"
com/google/android/gms/games/event/EventEntity,isDataValid,"('id',)"
com/google/android/gms/games/Game,getApplicationId,"('id',)"
com/google/android/gms/games/Game,getDescription,"('IP',)"
com/google/android/gms/games/Game,getDeveloperName,"('name',)"
com/google/android/gms/games/Game,getDisplayName,"('name',)"
com/google/android/gms/games/Game,isRealTimeMultiplayerEnabled,"('IP',)"
com/google/android/gms/games/Game,isTurnBasedMultiplayerEnabled,"('IP',)"
com/google/android/gms/games/GameEntity,getApplicationId,"('id',)"
com/google/android/gms/games/GameEntity,getDescription,"('IP',)"
com/google/android/gms/games/GameEntity,getDeveloperName,"('name',)"
com/google/android/gms/games/GameEntity,getDisplayName,"('name',)"
com/google/android/gms/games/GameEntity,isDataValid,"('id',)"
com/google/android/gms/games/GameEntity,isRealTimeMultiplayerEnabled,"('IP',)"
com/google/android/gms/games/GameEntity,isTurnBasedMultiplayerEnabled,"('IP',)"
com/google/android/gms/games/Games,RealTimeMultiplaye,"('IP',)"
com/google/android/gms/games/Games,TurnBasedMultiplaye,"('IP',)"
com/google/android/gms/games/Games,Video,"('id',)"
com/google/android/gms/games/Games,getAppId,"('id',)"
com/google/android/gms/games/Games,getCurrentAccountName,"('name',)"
com/google/android/gms/games/Games,getTurnBasedMultiplayerClient,"('IP',)"
com/google/android/gms/games/GamesClient,getAppId,"('id',)"
com/google/android/gms/games/GamesClient,getCurrentAccountName,"('name',)"
com/google/android/gms/games/multiplayer/Invitation,getInvitationId,"('id',)"
com/google/android/gms/games/multiplayer/InvitationEntity,getInvitationId,"('id',)"
com/google/android/gms/games/multiplayer/InvitationEntity,getParticipants,"('IP',)"
com/google/android/gms/games/multiplayer/InvitationEntity,isDataValid,"('id',)"
com/google/android/gms/games/leaderboard/Leaderboard,getDisplayName,"('name',)"
com/google/android/gms/games/leaderboard/Leaderboard,getLeaderboardId,"('AD', 'ID')"
com/google/android/gms/games/leaderboard/LeaderboardScore,getScoreHolderDisplayName,"('name',)"
com/google/android/gms/games/multiplayer/Participant,getDisplayName,"('name',)"
com/google/android/gms/games/multiplayer/Participant,getParticipantId,"('IP',)"
com/google/android/gms/games/multiplayer/ParticipantEntity,getDisplayName,"('name',)"
com/google/android/gms/games/multiplayer/ParticipantEntity,getParticipantId,"('IP',)"
com/google/android/gms/games/multiplayer/ParticipantEntity,isDataValid,"('id',)"
com/google/android/gms/games/multiplayer/ParticipantResult,getParticipantId,"('IP',)"
com/google/android/gms/games/multiplayer/ParticipantUtils,getParticipantId,"('IP',)"
com/google/android/gms/games/multiplayer/Participatable,getParticipants,"('IP',)"
com/google/android/gms/games/Player,getDisplayName,"('name',)"
com/google/android/gms/games/Player,getPlayerId,"('id',)"
com/google/android/gms/games/Player,getRelationshipInfo,"('IP',)"
com/google/android/gms/games/PlayerEntity,getDisplayName,"('name',)"
com/google/android/gms/games/PlayerEntity,getPlayerId,"('id',)"
com/google/android/gms/games/PlayerEntity,getRelationshipInfo,"('IP',)"
com/google/android/gms/games/PlayerEntity,isDataValid,"('id',)"
com/google/android/gms/games/multiplayer/realtime/RealTimeMessage,getSenderParticipantId,"('IP',)"
com/google/android/gms/games/multiplayer/realtime/Room,getCreatorId,"('id',)"
com/google/android/gms/games/multiplayer/realtime/Room,getDescription,"('IP',)"
com/google/android/gms/games/multiplayer/realtime/Room,getParticipant,"('IP',)"
com/google/android/gms/games/multiplayer/realtime/Room,getRoomId,"('id',)"
com/google/android/gms/games/multiplayer/realtime/RoomConfig.Builder,setInvitationIdToAccept,"('id',)"
com/google/android/gms/games/multiplayer/realtime/RoomEntity,getCreatorId,"('id',)"
com/google/android/gms/games/multiplayer/realtime/RoomEntity,getDescription,"('IP',)"
com/google/android/gms/games/multiplayer/realtime/RoomEntity,getParticipant,"('IP',)"
com/google/android/gms/games/multiplayer/realtime/RoomEntity,getParticipantId,"('IP',)"
com/google/android/gms/games/multiplayer/realtime/RoomEntity,getParticipantStatus,"('IP',)"
com/google/android/gms/games/multiplayer/realtime/RoomEntity,getParticipants,"('IP',)"
com/google/android/gms/games/multiplayer/realtime/RoomEntity,getRoomId,"('id',)"
com/google/android/gms/games/multiplayer/realtime/RoomEntity,isDataValid,"('id',)"
com/google/android/gms/games/leaderboard/ScoreSubmissionData,getLeaderboardId,"('AD', 'ID')"
com/google/android/gms/games/leaderboard/ScoreSubmissionData,getPlayerId,"('id',)"
com/google/android/gms/games/snapshot/SnapshotContents,getParcelFileDescriptor,"('IP',)"
com/google/android/gms/games/snapshot/SnapshotEntity,isDataValid,"('id',)"
com/google/android/gms/games/snapshot/SnapshotMetadata,getDescription,"('IP',)"
com/google/android/gms/games/snapshot/SnapshotMetadata,getDeviceName,"('name',)"
com/google/android/gms/games/snapshot/SnapshotMetadata,getSnapshotId,"('id',)"
com/google/android/gms/games/snapshot/SnapshotMetadata,getUniqueName,"('name',)"
com/google/android/gms/games/snapshot/SnapshotMetadataChange,getDescription,"('IP',)"
com/google/android/gms/games/snapshot/SnapshotMetadataChange.Builder,setDescription,"('IP',)"
com/google/android/gms/games/snapshot/SnapshotMetadataEntity,getDescription,"('IP',)"
com/google/android/gms/games/snapshot/SnapshotMetadataEntity,getDeviceName,"('name',)"
com/google/android/gms/games/snapshot/SnapshotMetadataEntity,getSnapshotId,"('id',)"
com/google/android/gms/games/snapshot/SnapshotMetadataEntity,getUniqueName,"('name',)"
com/google/android/gms/games/snapshot/SnapshotMetadataEntity,isDataValid,"('id',)"
com/google/android/gms/games/snapshot/Snapshots.DeleteSnapshotResult,getSnapshotId,"('id',)"
com/google/android/gms/games/snapshot/Snapshots.OpenSnapshotResult,getConflictId,"('id',)"
com/google/android/gms/games/SnapshotsClient.SnapshotConflict,getConflictId,"('id',)"
com/google/android/gms/games/multiplayer/turnbased/TurnBasedMatch,getCreatorId,"('id',)"
com/google/android/gms/games/multiplayer/turnbased/TurnBasedMatch,getDescription,"('IP',)"
com/google/android/gms/games/multiplayer/turnbased/TurnBasedMatch,getLastUpdaterId,"('id',)"
com/google/android/gms/games/multiplayer/turnbased/TurnBasedMatch,getMatchId,"('id',)"
com/google/android/gms/games/multiplayer/turnbased/TurnBasedMatch,getParticipant,"('IP',)"
com/google/android/gms/games/multiplayer/turnbased/TurnBasedMatch,getParticipantId,"('IP',)"
com/google/android/gms/games/multiplayer/turnbased/TurnBasedMatch,getParticipantStatus,"('IP',)"
com/google/android/gms/games/multiplayer/turnbased/TurnBasedMatch,getPendingParticipantId,"('IP',)"
com/google/android/gms/games/multiplayer/turnbased/TurnBasedMatch,getRematchId,"('id',)"
com/google/android/gms/games/multiplayer/turnbased/TurnBasedMatchConfig,getInvitedPlayerIds,"('id',)"
com/google/android/gms/games/multiplayer/turnbased/TurnBasedMatchEntity,getCreatorId,"('id',)"
com/google/android/gms/games/multiplayer/turnbased/TurnBasedMatchEntity,getDescription,"('IP',)"
com/google/android/gms/games/multiplayer/turnbased/TurnBasedMatchEntity,getLastUpdaterId,"('id',)"
com/google/android/gms/games/multiplayer/turnbased/TurnBasedMatchEntity,getMatchId,"('id',)"
com/google/android/gms/games/multiplayer/turnbased/TurnBasedMatchEntity,getParticipant,"('IP',)"
com/google/android/gms/games/multiplayer/turnbased/TurnBasedMatchEntity,getParticipantId,"('IP',)"
com/google/android/gms/games/multiplayer/turnbased/TurnBasedMatchEntity,getParticipantStatus,"('IP',)"
com/google/android/gms/games/multiplayer/turnbased/TurnBasedMatchEntity,getParticipants,"('IP',)"
com/google/android/gms/games/multiplayer/turnbased/TurnBasedMatchEntity,getPendingParticipantId,"('IP',)"
com/google/android/gms/games/multiplayer/turnbased/TurnBasedMatchEntity,getRematchId,"('id',)"
com/google/android/gms/games/multiplayer/turnbased/TurnBasedMatchEntity,isDataValid,"('id',)"
com/google/android/gms/games/multiplayer/turnbased/TurnBasedMultiplayer.CancelMatchResult,getMatchId,"('id',)"
com/google/android/gms/games/video/VideoConfiguration,isValidCaptureMode,"('id',)"
com/google/android/gms/games/video/VideoConfiguration,isValidQualityLevel,"('id',)"
com/google/android/gms/gcm/Task,getServiceName,"('name',)"
com/google/android/gms/identity/intents/Address,requestUserAddress,"('Address',)"
com/google/android/gms/identity/intents/model/UserAddress,getAddress1,"('Address',)"
com/google/android/gms/identity/intents/model/UserAddress,getAddress2,"('Address',)"
com/google/android/gms/identity/intents/model/UserAddress,getAddress3,"('Address',)"
com/google/android/gms/identity/intents/model/UserAddress,getAddress4,"('Address',)"
com/google/android/gms/identity/intents/model/UserAddress,getAddress5,"('Address',)"
com/google/android/gms/identity/intents/model/UserAddress,getCompanyName,"('Company',)"
com/google/android/gms/identity/intents/model/UserAddress,getEmailAddress,"('Email', 'Address')"
com/google/android/gms/identity/intents/model/UserAddress,getName,"('name',)"
com/google/android/gms/identity/intents/model/UserAddress,getPhoneNumber,"('Phone', 'Number')"
com/google/android/gms/instantapps/InstantAppIntentData,getPackageName,"('name',)"
com/google/android/gms/instantapps/LaunchData,getPackageName,"('name',)"
com/google/android/gms/instantapps/PackageManagerCompat,getInstallerPackageName,"('name',)"
com/google/android/gms/instantapps/PackageManagerCompat,getPackagesForUid,"('id',)"
com/google/android/gms/location/ActivityRecognitionResult,getActivityConfidence,"('id',)"
com/google/android/gms/location/DetectedActivity,getConfidence,"('id',)"
com/google/android/gms/location/FusedLocationProviderApi,flushLocations,"('Location',)"
com/google/android/gms/location/FusedLocationProviderApi,getLastLocation,"('Location',)"
com/google/android/gms/location/FusedLocationProviderApi,getLocationAvailability,"('Location',)"
com/google/android/gms/location/FusedLocationProviderApi,removeLocationUpdates,"('Location',)"
com/google/android/gms/location/FusedLocationProviderApi,requestLocationUpdates,"('Location',)"
com/google/android/gms/location/FusedLocationProviderApi,setMockLocation,"('Location',)"
com/google/android/gms/location/FusedLocationProviderClient,flushLocations,"('Location',)"
com/google/android/gms/location/FusedLocationProviderClient,getLastLocation,"('Location',)"
com/google/android/gms/location/FusedLocationProviderClient,getLocationAvailability,"('Location',)"
com/google/android/gms/location/FusedLocationProviderClient,removeLocationUpdates,"('Location',)"
com/google/android/gms/location/FusedLocationProviderClient,requestLocationUpdates,"('Location',)"
com/google/android/gms/location/FusedLocationProviderClient,setMockLocation,"('Location',)"
com/google/android/gms/location/Geofence,getRequestId,"('id',)"
com/google/android/gms/location/Geofence.Builder,setRequestId,"('id',)"
com/google/android/gms/location/GeofencingEvent,getTriggeringLocation,"('Location',)"
com/google/android/gms/location/LocationAvailability,extractLocationAvailability,"('Location',)"
com/google/android/gms/location/LocationAvailability,hasLocationAvailability,"('Location',)"
com/google/android/gms/location/LocationAvailability,isLocationAvailable,"('Location',)"
com/google/android/gms/location/LocationCallback,onLocationAvailability,"('Location',)"
com/google/android/gms/location/LocationCallback,onLocationResult,"('Location',)"
com/google/android/gms/location/LocationListener,onLocationChanged,"('Location',)"
com/google/android/gms/location/LocationResult,getLastLocation,"('Location',)"
com/google/android/gms/location/LocationResult,getLocations,"('Location',)"
com/google/android/gms/location/LocationServices,FusedLocationAp,"('Location',)"
com/google/android/gms/location/LocationServices,getFusedLocationProviderClient,"('Location',)"
com/google/android/gms/location/LocationSettingsRequest.Builder,addAllLocationRequests,"('Location',)"
com/google/android/gms/location/LocationSettingsRequest.Builder,addLocationRequest,"('Location',)"
com/google/android/gms/location/LocationSettingsResponse,getLocationSettingsStates,"('Location',)"
com/google/android/gms/location/LocationSettingsResult,getLocationSettingsStates,"('Location',)"
com/google/android/gms/location/LocationSettingsStates,isLocationPresent,"('Location',)"
com/google/android/gms/location/LocationSettingsStates,isLocationUsable,"('Location',)"
com/google/android/gms/location/LocationSettingsStates,isNetworkLocationPresent,"('Location',)"
com/google/android/gms/location/LocationSettingsStates,isNetworkLocationUsable,"('Location',)"
com/google/android/gms/location/SettingsApi,checkLocationSettings,"('Location',)"
com/google/android/gms/location/SettingsClient,checkLocationSettings,"('Location',)"
com/google/firebase/analytics/FirebaseAnalytics,getAppInstanceId,"('id',)"
com/google/firebase/analytics/FirebaseAnalytics,setUserId,"('id',)"
com/google/android/gms/nearby/connection/AppIdentifier,getIdentifier,"('id',)"
com/google/android/gms/nearby/connection/AppMetadata,getAppIdentifiers,"('id',)"
com/google/android/gms/nearby/connection/ConnectionInfo,isIncomingConnection,"('Connection',)"
com/google/android/gms/nearby/connection/ConnectionInfo,getEndpointName,"('name',)"
com/google/android/gms/nearby/connection/ConnectionInfo,isConnectionVerified,"('Connection',)"
com/google/android/gms/nearby/connection/ConnectionLifecycleCallback,onConnectionInitiated,"('Connection',)"
com/google/android/gms/nearby/connection/ConnectionLifecycleCallback,onConnectionResult,"('Connection',)"
com/google/android/gms/nearby/connection/Connections,acceptConnection,"('Connection',)"
com/google/android/gms/nearby/connection/Connections,rejectConnection,"('Connection',)"
com/google/android/gms/nearby/connection/Connections,requestConnection,"('Connection',)"
com/google/android/gms/nearby/connection/Connections,sendConnectionRequest,"('Connection',)"
com/google/android/gms/nearby/connection/Connections,startAdvertising,"('Advertising',)"
com/google/android/gms/nearby/connection/Connections,stopAdvertising,"('Advertising',)"
com/google/android/gms/nearby/connection/Connections.ConnectionRequestListener,onConnectionRequest,"('Connection',)"
com/google/android/gms/nearby/connection/Connections.ConnectionResponseCallback,onConnectionResponse,"('Connection',)"
com/google/android/gms/nearby/connection/Connections.StartAdvertisingResult,getLocalEndpointName,"('name',)"
com/google/android/gms/nearby/connection/ConnectionsClient,acceptConnection,"('Connection',)"
com/google/android/gms/nearby/connection/ConnectionsClient,rejectConnection,"('Connection',)"
com/google/android/gms/nearby/connection/ConnectionsClient,requestConnection,"('Connection',)"
com/google/android/gms/nearby/connection/ConnectionsClient,startAdvertising,"('Advertising',)"
com/google/android/gms/nearby/connection/ConnectionsClient,stopAdvertising,"('Advertising',)"
com/google/android/gms/nearby/connection/ConnectionsOptions,getZeroPartyIdentifier,"('id',)"
com/google/android/gms/nearby/connection/DiscoveredEndpointInfo,getEndpointName,"('name',)"
com/google/android/gms/nearby/connection/DiscoveredEndpointInfo,getServiceId,"('id',)"
com/google/android/gms/nearby/exposurenotification/ExposureConfiguration,getAttenuationWeight,"('Weight',)"
com/google/android/gms/nearby/exposurenotification/ExposureConfiguration,getDaysSinceLastExposureWeight,"('Weight',)"
com/google/android/gms/nearby/exposurenotification/ExposureConfiguration,getDurationWeight,"('Weight',)"
com/google/android/gms/nearby/exposurenotification/ExposureConfiguration,getTransmissionRiskWeight,"('Weight',)"
com/google/android/gms/nearby/exposurenotification/ExposureConfiguration.ExposureConfigurationBuilder,setAttenuationWeight,"('Weight',)"
com/google/android/gms/nearby/exposurenotification/ExposureConfiguration.ExposureConfigurationBuilder,setDaysSinceLastExposureWeight,"('Weight',)"
com/google/android/gms/nearby/exposurenotification/ExposureConfiguration.ExposureConfigurationBuilder,setDurationWeight,"('Weight',)"
com/google/android/gms/nearby/exposurenotification/ExposureConfiguration.ExposureConfigurationBuilder,setTransmissionRiskWeight,"('Weight',)"
com/google/android/gms/nearby/exposurenotification/ExposureNotificationClient,provideDiagnosisKeys,"('id',)"
com/google/android/gms/nearby/Nearby,Connection,"('Connection',)"
com/google/android/gms/nearby/connection/Payload,getId,"('id',)"
com/google/android/gms/nearby/connection/Payload.File,asParcelFileDescriptor,"('IP',)"
com/google/android/gms/nearby/connection/Payload.Stream,asParcelFileDescriptor,"('IP',)"
com/google/android/gms/nearby/connection/PayloadTransferUpdate,getPayloadId,"('AD', 'ID')"
com/google/android/gms/nearby/connection/PayloadTransferUpdate.Builder,setPayloadId,"('AD', 'ID')"
com/google/android/gms/location/places/AddPlaceRequest,getAddress,"('Address',)"
com/google/android/gms/location/places/AddPlaceRequest,getName,"('name',)"
com/google/android/gms/location/places/AddPlaceRequest,getPhoneNumber,"('Phone', 'Number')"
com/google/android/gms/location/places/AutocompletePrediction,getPlaceId,"('id',)"
com/google/android/gms/location/places/GeoDataApi,getPlaceById,"('id',)"
com/google/android/gms/location/places/GeoDataClient,getPlaceById,"('id',)"
com/google/android/gms/location/places/Place,getAddress,"('Address',)"
com/google/android/gms/location/places/Place,getId,"('id',)"
com/google/android/gms/location/places/Place,getName,"('name',)"
com/google/android/gms/location/places/Place,getPhoneNumber,"('Phone', 'Number')"
com/google/android/gms/location/places/Place,getPriceLevel,"('Price',)"
com/google/android/gms/location/places/PlaceFilter,getPlaceIds,"('id',)"
com/google/android/gms/location/places/PlacePhotoMetadata,getMaxHeight,"('Height',)"
com/google/android/gms/location/places/PlacePhotoMetadata,getMaxWidth,"('id',)"
com/google/android/gms/plus/Account,clearDefaultAccount,"('Account',)"
com/google/android/gms/plus/Account,getAccountName,"('name',)"
com/google/android/gms/plus/model/people/Person,getBirthday,"('Birthday',)"
com/google/android/gms/plus/model/people/Person,getCurrentLocation,"('Current', 'Location')"
com/google/android/gms/plus/model/people/Person,getDisplayName,"('name',)"
com/google/android/gms/plus/model/people/Person,getGender,"('Gender',)"
com/google/android/gms/plus/model/people/Person,getId,"('id',)"
com/google/android/gms/plus/model/people/Person,getName,"('name',)"
com/google/android/gms/plus/model/people/Person,getNickname,"('name',)"
com/google/android/gms/plus/model/people/Person,getRelationshipStatus,"('IP',)"
com/google/android/gms/plus/model/people/Person,hasBirthday,"('Birthday',)"
com/google/android/gms/plus/model/people/Person,hasCurrentLocation,"('Current', 'Location')"
com/google/android/gms/plus/model/people/Person,hasDisplayName,"('name',)"
com/google/android/gms/plus/model/people/Person,hasGender,"('Gender',)"
com/google/android/gms/plus/model/people/Person,hasId,"('id',)"
com/google/android/gms/plus/model/people/Person,hasName,"('name',)"
com/google/android/gms/plus/model/people/Person,hasNickname,"('name',)"
com/google/android/gms/plus/model/people/Person,hasRelationshipStatus,"('IP',)"
com/google/android/gms/plus/model/people/Person.Cover.CoverPhoto,getHeight,"('Height',)"
com/google/android/gms/plus/model/people/Person.Cover.CoverPhoto,getWidth,"('id',)"
com/google/android/gms/plus/model/people/Person.Cover.CoverPhoto,hasHeight,"('Height',)"
com/google/android/gms/plus/model/people/Person.Cover.CoverPhoto,hasWidth,"('id',)"
com/google/android/gms/plus/model/people/Person.Name,getFamilyName,"('name',)"
com/google/android/gms/plus/model/people/Person.Name,getGivenName,"('name',)"
com/google/android/gms/plus/model/people/Person.Name,getMiddleName,"('name',)"
com/google/android/gms/plus/model/people/Person.Name,hasFamilyName,"('name',)"
com/google/android/gms/plus/model/people/Person.Name,hasGivenName,"('name',)"
com/google/android/gms/plus/model/people/Person.Name,hasMiddleName,"('name',)"
com/google/android/gms/plus/model/people/Person.Organizations,getDescription,"('IP',)"
com/google/android/gms/plus/model/people/Person.Organizations,getLocation,"('Location',)"
com/google/android/gms/plus/model/people/Person.Organizations,getName,"('name',)"
com/google/android/gms/plus/model/people/Person.Organizations,hasDescription,"('IP',)"
com/google/android/gms/plus/model/people/Person.Organizations,hasLocation,"('Location',)"
com/google/android/gms/plus/model/people/Person.Organizations,hasName,"('name',)"
com/google/android/gms/plus/Plus,AccountAp,"('Account',)"
com/google/android/gms/plus/Plus.PlusOptions.Builder,setServerClientId,"('id',)"
com/google/android/gms/plus/PlusOneButton,plusOneClick,"('Click',)"
com/google/android/gms/plus/PlusOneButton,setOnPlusOneClickListener,"('Click',)"
com/google/android/gms/plus/PlusOneButton.DefaultOnPlusOneClickListener,onClick,"('Click',)"
com/google/android/gms/plus/PlusOneButton.DefaultOnPlusOneClickListener,onPlusOneClick,"('Click',)"
com/google/android/gms/plus/PlusOneButton.OnPlusOneClickListener,onPlusOneClick,"('Click',)"
com/google/android/gms/plus/PlusShare,getDeepLinkId,"('id',)"
com/google/android/gms/plus/PlusShare.Builder,setContentDeepLinkId,"('id',)"
com/google/android/gms/plus/PlusShare.Builder,setRecipients,"('IP',)"
com/google/android/gms/recaptcha/RecaptchaAction,getCustomAction,"('MAC',)"
com/google/android/gms/recaptcha/RecaptchaClient,challengeAccount,"('Account',)"
com/google/android/gms/recaptcha/RecaptchaClient,verifyAccount,"('Account',)"
com/google/android/gms/recaptcha/RecaptchaHandle,getClientPackageName,"('name',)"
com/google/android/gms/recaptcha/VerificationHandle,isValid,"('id',)"
com/google/android/vending/verifier/IListHarmfulAppsCallback.Stub,dispatchTransaction,"('Transaction',)"
com/google/android/vending/verifier/IPackageVerificationApiService.Stub,dispatchTransaction,"('Transaction',)"
com/google/android/vending/verifier/IVerifyAppsDataCallback.Stub,dispatchTransaction,"('Transaction',)"
com/google/android/gms/tagmanager/Container,getContainerId,"('id',)"
com/google/android/gms/tagmanager/Container,registerFunctionCallMacroCallback,"('MAC',)"
com/google/android/gms/tagmanager/Container,unregisterFunctionCallMacroCallback,"('MAC',)"
com/google/android/gms/vision/barcode/Barcode.Address,addressLine,"('Address',)"
com/google/android/gms/vision/barcode/Barcode.CalendarEvent,descriptio,"('IP',)"
com/google/android/gms/vision/barcode/Barcode.ContactInfo,addresse,"('Address',)"
com/google/android/gms/vision/barcode/Barcode.DriverLicense,addressCit,"('Address',)"
com/google/android/gms/vision/barcode/Barcode.DriverLicense,addressStat,"('Address',)"
com/google/android/gms/vision/barcode/Barcode.DriverLicense,addressStree,"('Address',)"
com/google/android/gms/vision/barcode/Barcode.DriverLicense,addressZi,"('Address',)"
com/google/android/gms/vision/barcode/Barcode.DriverLicense,middleNam,"('id',)"
com/google/android/gms/vision/barcode/Barcode.PersonName,formattedNam,"('DNA',)"
com/google/android/gms/vision/barcode/Barcode.PersonName,middl,"('id',)"
com/google/android/gms/vision/face/Face,getHeight,"('Height',)"
com/google/android/gms/vision/face/Face,getId,"('id',)"
com/google/android/gms/vision/face/Face,getWidth,"('id',)"
com/google/android/gms/vision/Frame.Builder,setId,"('id',)"
com/google/android/gms/vision/Frame.Metadata,getHeight,"('Height',)"
com/google/android/gms/vision/Frame.Metadata,getId,"('id',)"
com/google/android/gms/vision/Frame.Metadata,getWidth,"('id',)"
com/google/android/gms/wallet/CardRequirements,allowPrepaidCards,"('id',)"
com/google/android/gms/wallet/CardRequirements,getBillingAddressFormat,"('Address',)"
com/google/android/gms/wallet/CardRequirements,isBillingAddressRequired,"('Address',)"
com/google/android/gms/wallet/CardRequirements.Builder,setAllowPrepaidCards,"('id',)"
com/google/android/gms/wallet/CardRequirements.Builder,setBillingAddressFormat,"('Address',)"
com/google/android/gms/wallet/CardRequirements.Builder,setBillingAddressRequired,"('Address',)"
com/google/android/gms/wallet/GiftCardWalletObject,getBalanceCurrencyCode,"('Currency',)"
com/google/android/gms/wallet/GiftCardWalletObject,getCardIdentifier,"('id',)"
com/google/android/gms/wallet/GiftCardWalletObject,getClassId,"('id',)"
com/google/android/gms/wallet/GiftCardWalletObject,getId,"('id',)"
com/google/android/gms/wallet/GiftCardWalletObject,getIssuerName,"('name',)"
com/google/android/gms/wallet/GiftCardWalletObject,getLocations,"('Location',)"
com/google/android/gms/wallet/GiftCardWalletObject,getValidTimeInterval,"('IMEI',)"
com/google/android/gms/wallet/GiftCardWalletObject.Builder,addLocation,"('Location',)"
com/google/android/gms/wallet/GiftCardWalletObject.Builder,addLocations,"('Location',)"
com/google/android/gms/wallet/GiftCardWalletObject.Builder,setBalanceCurrencyCode,"('Currency',)"
com/google/android/gms/wallet/GiftCardWalletObject.Builder,setCardIdentifier,"('id',)"
com/google/android/gms/wallet/GiftCardWalletObject.Builder,setClassId,"('id',)"
com/google/android/gms/wallet/GiftCardWalletObject.Builder,setId,"('id',)"
com/google/android/gms/wallet/GiftCardWalletObject.Builder,setIssuerName,"('name',)"
com/google/android/gms/wallet/GiftCardWalletObject.Builder,setValidTimeInterval,"('IMEI',)"
com/google/android/gms/wallet/IsReadyToPayRequest,getAllowedPaymentMethods,"('Payment',)"
com/google/android/gms/wallet/IsReadyToPayRequest,isExistingPaymentMethodRequired,"('Payment',)"
com/google/android/gms/wallet/IsReadyToPayRequest.Builder,addAllowedPaymentMethod,"('Payment',)"
com/google/android/gms/wallet/IsReadyToPayRequest.Builder,addAllowedPaymentMethods,"('Payment',)"
com/google/android/gms/wallet/IsReadyToPayRequest.Builder,setExistingPaymentMethodRequired,"('Payment',)"
com/google/android/gms/wallet/wobs/LoyaltyPoints,getValidTimeInterval,"('IMEI',)"
com/google/android/gms/wallet/wobs/LoyaltyPoints.Builder,setValidTimeInterval,"('IMEI',)"
com/google/android/gms/wallet/wobs/LoyaltyPointsBalance,getCurrencyCode,"('Currency',)"
com/google/android/gms/wallet/wobs/LoyaltyPointsBalance,getCurrencyMicros,"('Currency',)"
com/google/android/gms/wallet/LoyaltyWalletObject,getAccountId,"('Account',)"
com/google/android/gms/wallet/LoyaltyWalletObject,getAccountName,"('name',)"
com/google/android/gms/wallet/LoyaltyWalletObject,getClassId,"('id',)"
com/google/android/gms/wallet/LoyaltyWalletObject,getId,"('id',)"
com/google/android/gms/wallet/LoyaltyWalletObject,getIssuerName,"('name',)"
com/google/android/gms/wallet/LoyaltyWalletObject,getLocations,"('Location',)"
com/google/android/gms/wallet/LoyaltyWalletObject,getProgramName,"('name',)"
com/google/android/gms/wallet/LoyaltyWalletObject,getValidTimeInterval,"('IMEI',)"
com/google/android/gms/wallet/LoyaltyWalletObject.Builder,addLocation,"('Location',)"
com/google/android/gms/wallet/LoyaltyWalletObject.Builder,addLocations,"('Location',)"
com/google/android/gms/wallet/LoyaltyWalletObject.Builder,setAccountId,"('Account',)"
com/google/android/gms/wallet/LoyaltyWalletObject.Builder,setAccountName,"('name',)"
com/google/android/gms/wallet/LoyaltyWalletObject.Builder,setClassId,"('id',)"
com/google/android/gms/wallet/LoyaltyWalletObject.Builder,setId,"('id',)"
com/google/android/gms/wallet/LoyaltyWalletObject.Builder,setIssuerName,"('name',)"
com/google/android/gms/wallet/LoyaltyWalletObject.Builder,setProgramName,"('name',)"
com/google/android/gms/wallet/LoyaltyWalletObject.Builder,setValidTimeInterval,"('IMEI',)"
com/google/android/gms/wallet/OfferWalletObject,getClassId,"('id',)"
com/google/android/gms/wallet/OfferWalletObject,getId,"('id',)"
com/google/android/gms/wallet/OfferWalletObject,getIssuerName,"('name',)"
com/google/android/gms/wallet/OfferWalletObject,getLocations,"('Location',)"
com/google/android/gms/wallet/OfferWalletObject,getValidTimeInterval,"('IMEI',)"
com/google/android/gms/wallet/OfferWalletObject.Builder,addLocation,"('Location',)"
com/google/android/gms/wallet/OfferWalletObject.Builder,addLocations,"('Location',)"
com/google/android/gms/wallet/OfferWalletObject.Builder,setClassId,"('id',)"
com/google/android/gms/wallet/OfferWalletObject.Builder,setId,"('id',)"
com/google/android/gms/wallet/OfferWalletObject.Builder,setIssuerName,"('name',)"
com/google/android/gms/wallet/OfferWalletObject.Builder,setValidTimeInterval,"('IMEI',)"
com/google/android/gms/wallet/PaymentData,getGoogleTransactionId,"('Transaction',)"
com/google/android/gms/wallet/PaymentData,getPaymentMethodToken,"('Payment',)"
com/google/android/gms/wallet/PaymentData,getShippingAddress,"('IP',)"
com/google/android/gms/wallet/PaymentDataRequest,getAllowedPaymentMethods,"('Payment',)"
com/google/android/gms/wallet/PaymentDataRequest,getPaymentMethodTokenizationParameters,"('Payment',)"
com/google/android/gms/wallet/PaymentDataRequest,getShippingAddressRequirements,"('IP',)"
com/google/android/gms/wallet/PaymentDataRequest,getTransactionInfo,"('Transaction',)"
com/google/android/gms/wallet/PaymentDataRequest,isPhoneNumberRequired,"('Phone', 'Number')"
com/google/android/gms/wallet/PaymentDataRequest,isShippingAddressRequired,"('IP',)"
com/google/android/gms/wallet/PaymentDataRequest.Builder,addAllowedPaymentMethod,"('Payment',)"
com/google/android/gms/wallet/PaymentDataRequest.Builder,addAllowedPaymentMethods,"('Payment',)"
com/google/android/gms/wallet/PaymentDataRequest.Builder,setPaymentMethodTokenizationParameters,"('Payment',)"
com/google/android/gms/wallet/PaymentDataRequest.Builder,setPhoneNumberRequired,"('Phone', 'Number')"
com/google/android/gms/wallet/PaymentDataRequest.Builder,setShippingAddressRequired,"('IP',)"
com/google/android/gms/wallet/PaymentDataRequest.Builder,setShippingAddressRequirements,"('IP',)"
com/google/android/gms/wallet/PaymentDataRequest.Builder,setTransactionInfo,"('Transaction',)"
com/google/android/gms/wallet/PaymentMethodToken,getPaymentMethodTokenizationType,"('Payment',)"
com/google/android/gms/wallet/PaymentMethodTokenizationParameters,getPaymentMethodTokenizationType,"('Payment',)"
com/google/android/gms/wallet/PaymentMethodTokenizationParameters.Builder,setPaymentMethodTokenizationType,"('Payment',)"
com/google/android/gms/wallet/PaymentsClient,loadPaymentData,"('Payment',)"
com/google/android/gms/wallet/TransactionInfo,getCurrencyCode,"('Currency',)"
com/google/android/gms/wallet/TransactionInfo,getTotalPrice,"('Price',)"
com/google/android/gms/wallet/TransactionInfo,getTotalPriceStatus,"('Price',)"
com/google/android/gms/wallet/TransactionInfo.Builder,setCurrencyCode,"('Currency',)"
com/google/android/gms/wallet/TransactionInfo.Builder,setTotalPrice,"('Price',)"
com/google/android/gms/wallet/wobs/UriData,getDescription,"('IP',)"
com/google/android/gms/wallet/Wallet,getPaymentsClient,"('Payment',)"
com/google/android/gms/wallet/Wallet.WalletOptions,getAccount,"('Account',)"
com/google/android/gms/wearable/CapabilityInfo,getName,"('name',)"
com/google/android/gms/wearable/Channel,getNodeId,"('id',)"
com/google/android/gms/wearable/ChannelClient.Channel,getNodeId,"('id',)"
com/google/android/gms/wearable/DataItemAsset,getId,"('id',)"
com/google/android/gms/wearable/MessageApi.SendMessageResult,getRequestId,"('id',)"
com/google/android/gms/wearable/MessageEvent,getRequestId,"('id',)"
com/google/android/gms/wearable/MessageEvent,getSourceNodeId,"('id',)"
com/google/android/gms/wearable/Node,getDisplayName,"('name',)"
com/google/android/gms/wearable/Node,getId,"('id',)"
com/google/android/gms/wearable/PutDataMapRequest,createWithAutoAppendedId,"('id',)"
com/google/android/gms/wearable/PutDataRequest,createWithAutoAppendedId,"('id',)"
